ISO-10303-21;
HEADER;
FILE_DESCRIPTION(('STEP AP203'),'1');
FILE_NAME(' 0414.stp','2026-04-14T09:20:45',(' '),(' '),'Spatial InterOp 3D',' ',' ');
FILE_SCHEMA(('CONFIG_CONTROL_DESIGN'));
ENDSEC;
DATA;
#1=DESIGN_CONTEXT('',#27,'design');
#2=APPLICATION_PROTOCOL_DEFINITION('INTERNATIONAL STANDARD','config_control_design',1994,#27);
#3=PRODUCT_CATEGORY_RELATIONSHIP('NONE','NONE',#28,#29);
#4=DATE_AND_TIME(#30,#31);
#5=DATE_TIME_ROLE('creation_date');
#6=DATE_TIME_ROLE('classification_date');
#7=PERSON_AND_ORGANIZATION_ROLE('creator');
#8=PERSON_AND_ORGANIZATION_ROLE('design_supplier');
#9=PERSON_AND_ORGANIZATION_ROLE('classification_officer');
#10=PERSON_AND_ORGANIZATION_ROLE('design_owner');
#11=APPROVAL_PERSON_ORGANIZATION(#32,#33,#34);
#12=APPROVAL_DATE_TIME(#4,#33);
#13=CC_DESIGN_APPROVAL(#33,(#35,#36,#37));
#14=CC_DESIGN_DATE_AND_TIME_ASSIGNMENT(#4,#5,(#37));
#15=CC_DESIGN_DATE_AND_TIME_ASSIGNMENT(#4,#6,(#35));
#16=CC_DESIGN_PERSON_AND_ORGANIZATION_ASSIGNMENT(#32,#10,(#38));
#17=CC_DESIGN_PERSON_AND_ORGANIZATION_ASSIGNMENT(#32,#7,(#37));
#18=CC_DESIGN_PERSON_AND_ORGANIZATION_ASSIGNMENT(#32,#7,(#36));
#19=CC_DESIGN_PERSON_AND_ORGANIZATION_ASSIGNMENT(#32,#8,(#36));
#20=CC_DESIGN_SECURITY_CLASSIFICATION(#35,(#36));
#21=CC_DESIGN_PERSON_AND_ORGANIZATION_ASSIGNMENT(#32,#9,(#35));
#22=SHAPE_DEFINITION_REPRESENTATION(#39,#40);
#23= (GEOMETRIC_REPRESENTATION_CONTEXT(3)GLOBAL_UNCERTAINTY_ASSIGNED_CONTEXT((#43))GLOBAL_UNIT_ASSIGNED_CONTEXT((#45,#46,#47))REPRESENTATION_CONTEXT('NONE','WORKSPACE'));
#27=APPLICATION_CONTEXT('CONFIGURATION CONTROLLED 3D DESIGNS OF MECHANICAL PARTS AND ASSEMBLIES');
#28=PRODUCT_CATEGORY('part','NONE');
#29=PRODUCT_RELATED_PRODUCT_CATEGORY('detail',' ',(#38));
#30=CALENDAR_DATE(2026,14,3);
#31=LOCAL_TIME(18,20,45.0,#49);
#32=PERSON_AND_ORGANIZATION(#50,#51);
#33=APPROVAL(#52,'SOLID MODEL');
#34=APPROVAL_ROLE('APPROVED');
#35=SECURITY_CLASSIFICATION('','',#53);
#36=PRODUCT_DEFINITION_FORMATION_WITH_SPECIFIED_SOURCE(' ','NONE',#38,.NOT_KNOWN.);
#37=PRODUCT_DEFINITION('NONE','NONE',#36,#1);
#38=PRODUCT('1','1','PART-1-DESC',(#54));
#39=PRODUCT_DEFINITION_SHAPE('NONE','NONE',#37);
#40=ADVANCED_BREP_SHAPE_REPRESENTATION('1',(#55,#56),#23);
#43=UNCERTAINTY_MEASURE_WITH_UNIT(LENGTH_MEASURE(0.001),#45,'','');
#45= (CONVERSION_BASED_UNIT('MILLIMETRE',#59)LENGTH_UNIT()NAMED_UNIT(#62));
#46= (NAMED_UNIT(#64)PLANE_ANGLE_UNIT()SI_UNIT($,.RADIAN.));
#47= (NAMED_UNIT(#64)SOLID_ANGLE_UNIT()SI_UNIT($,.STERADIAN.));
#49=COORDINATED_UNIVERSAL_TIME_OFFSET(9,0,.AHEAD.);
#50=PERSON('','UNSPECIFIED',$,$,$,$);
#51=ORGANIZATION('UNSPECIFIED','UNSPECIFIED','UNSPECIFIED');
#52=APPROVAL_STATUS('approved');
#53=SECURITY_CLASSIFICATION_LEVEL('unclassified');
#54=MECHANICAL_CONTEXT('',#27,'mechanical');
#55=MANIFOLD_SOLID_BREP('1',#70);
#56=AXIS2_PLACEMENT_3D('',#71,#72,#73);
#59=LENGTH_MEASURE_WITH_UNIT(LENGTH_MEASURE(1.0),#74);
#62=DIMENSIONAL_EXPONENTS(1.0,0.0,0.0,0.0,0.0,0.0,0.0);
#64=DIMENSIONAL_EXPONENTS(0.0,0.0,0.0,0.0,0.0,0.0,0.0);
#70=CLOSED_SHELL('',(#75,#76,#77,#78,#79,#80,#81,#82,#83,#84,#85,#86,#87,#88,#89,#90,#91,#92,#93,#94,#95,#96,#97,#98,#99,#100,#101,#102,#103,#104,#105,#106,#107,#108,#109,#110,#111,#112,#113,#114,#115,#116,#117,#118,#119,#120,#121,#122,#123,#124,#125,#126,#127,#128,#129,#130,#131,#132,#133,#134,#135,#136,#137,#138,#139,#140,#141,#142,#143,#144,#145,#146));
#71=CARTESIAN_POINT('',(0.0,0.0,0.0));
#72=DIRECTION('',(0.0,0.0,1.0));
#73=DIRECTION('',(1.0,0.0,0.0));
#74= (NAMED_UNIT(#62)LENGTH_UNIT()SI_UNIT(.MILLI.,.METRE.));
#75=ADVANCED_FACE('',(#148,#149),#150,.F.);
#76=ADVANCED_FACE('',(#151,#152),#153,.F.);
#77=ADVANCED_FACE('',(#154,#155),#156,.F.);
#78=ADVANCED_FACE('',(#157,#158),#159,.F.);
#79=ADVANCED_FACE('',(#160),#161,.F.);
#80=ADVANCED_FACE('',(#162),#163,.T.);
#81=ADVANCED_FACE('',(#164,#165),#166,.T.);
#82=ADVANCED_FACE('',(#167,#168),#169,.T.);
#83=ADVANCED_FACE('',(#170,#171),#172,.T.);
#84=ADVANCED_FACE('',(#173,#174),#175,.T.);
#85=ADVANCED_FACE('',(#176,#177),#178,.T.);
#86=ADVANCED_FACE('',(#179,#180,#181,#182),#183,.T.);
#87=ADVANCED_FACE('',(#184),#185,.F.);
#88=ADVANCED_FACE('',(#186),#187,.T.);
#89=ADVANCED_FACE('',(#188),#189,.F.);
#90=ADVANCED_FACE('',(#190),#191,.T.);
#91=ADVANCED_FACE('',(#192,#193),#194,.T.);
#92=ADVANCED_FACE('',(#195,#196),#197,.T.);
#93=ADVANCED_FACE('',(#198,#199),#200,.T.);
#94=ADVANCED_FACE('',(#201,#202),#203,.T.);
#95=ADVANCED_FACE('',(#204,#205),#206,.T.);
#96=ADVANCED_FACE('',(#207),#208,.T.);
#97=ADVANCED_FACE('',(#209),#210,.T.);
#98=ADVANCED_FACE('',(#211),#212,.T.);
#99=ADVANCED_FACE('',(#213),#214,.T.);
#100=ADVANCED_FACE('',(#215,#216),#217,.F.);
#101=ADVANCED_FACE('',(#218,#219),#220,.F.);
#102=ADVANCED_FACE('',(#221,#222),#223,.F.);
#103=ADVANCED_FACE('',(#224,#225),#226,.T.);
#104=ADVANCED_FACE('',(#227),#228,.F.);
#105=ADVANCED_FACE('',(#229),#230,.T.);
#106=ADVANCED_FACE('',(#231),#232,.T.);
#107=ADVANCED_FACE('',(#233),#234,.T.);
#108=ADVANCED_FACE('',(#235),#236,.T.);
#109=ADVANCED_FACE('',(#237),#238,.T.);
#110=ADVANCED_FACE('',(#239,#240),#241,.F.);
#111=ADVANCED_FACE('',(#242,#243),#244,.F.);
#112=ADVANCED_FACE('',(#245,#246),#247,.F.);
#113=ADVANCED_FACE('',(#248,#249),#250,.F.);
#114=ADVANCED_FACE('',(#251,#252),#253,.F.);
#115=ADVANCED_FACE('',(#254,#255),#256,.T.);
#116=ADVANCED_FACE('',(#257,#258),#259,.F.);
#117=ADVANCED_FACE('',(#260,#261),#262,.T.);
#118=ADVANCED_FACE('',(#263,#264),#265,.F.);
#119=ADVANCED_FACE('',(#266),#267,.F.);
#120=ADVANCED_FACE('',(#268),#269,.F.);
#121=ADVANCED_FACE('',(#270,#271),#272,.T.);
#122=ADVANCED_FACE('',(#273,#274),#275,.T.);
#123=ADVANCED_FACE('',(#276),#277,.F.);
#124=ADVANCED_FACE('',(#278),#279,.F.);
#125=ADVANCED_FACE('',(#280),#281,.F.);
#126=ADVANCED_FACE('',(#282),#283,.F.);
#127=ADVANCED_FACE('',(#284,#285),#286,.T.);
#128=ADVANCED_FACE('',(#287,#288),#289,.T.);
#129=ADVANCED_FACE('',(#290,#291),#292,.T.);
#130=ADVANCED_FACE('',(#293,#294),#295,.T.);
#131=ADVANCED_FACE('',(#296,#297),#298,.T.);
#132=ADVANCED_FACE('',(#299),#300,.T.);
#133=ADVANCED_FACE('',(#301),#302,.T.);
#134=ADVANCED_FACE('',(#303,#304),#305,.F.);
#135=ADVANCED_FACE('',(#306),#307,.F.);
#136=ADVANCED_FACE('',(#308),#309,.T.);
#137=ADVANCED_FACE('',(#310,#311),#312,.T.);
#138=ADVANCED_FACE('',(#313,#314),#315,.T.);
#139=ADVANCED_FACE('',(#316,#317),#318,.F.);
#140=ADVANCED_FACE('',(#319,#320),#321,.F.);
#141=ADVANCED_FACE('',(#322,#323),#324,.F.);
#142=ADVANCED_FACE('',(#325),#326,.F.);
#143=ADVANCED_FACE('',(#327,#328),#329,.F.);
#144=ADVANCED_FACE('',(#330,#331),#332,.F.);
#145=ADVANCED_FACE('',(#333),#334,.F.);
#146=ADVANCED_FACE('',(#335),#336,.F.);
#148=FACE_OUTER_BOUND('',#337,.T.);
#149=FACE_OUTER_BOUND('',#338,.T.);
#150=TOROIDAL_SURFACE('',#339,3.75,1.25);
#151=FACE_OUTER_BOUND('',#340,.T.);
#152=FACE_OUTER_BOUND('',#341,.T.);
#153=CYLINDRICAL_SURFACE('',#342,1.25);
#154=FACE_OUTER_BOUND('',#343,.T.);
#155=FACE_OUTER_BOUND('',#344,.T.);
#156=TOROIDAL_SURFACE('',#345,3.75,1.25);
#157=FACE_OUTER_BOUND('',#346,.T.);
#158=FACE_OUTER_BOUND('',#347,.T.);
#159=CYLINDRICAL_SURFACE('',#348,1.25);
#160=FACE_OUTER_BOUND('',#349,.T.);
#161=PLANE('',#350);
#162=FACE_OUTER_BOUND('',#351,.T.);
#163=CYLINDRICAL_SURFACE('',#352,15.0);
#164=FACE_OUTER_BOUND('',#353,.T.);
#165=FACE_OUTER_BOUND('',#354,.T.);
#166=CYLINDRICAL_SURFACE('',#355,3.0);
#167=FACE_BOUND('',#356,.T.);
#168=FACE_OUTER_BOUND('',#357,.T.);
#169=PLANE('',#358);
#170=FACE_OUTER_BOUND('',#359,.T.);
#171=FACE_OUTER_BOUND('',#360,.T.);
#172=CYLINDRICAL_SURFACE('',#361,2.0);
#173=FACE_BOUND('',#362,.T.);
#174=FACE_OUTER_BOUND('',#363,.T.);
#175=PLANE('',#364);
#176=FACE_OUTER_BOUND('',#365,.T.);
#177=FACE_OUTER_BOUND('',#366,.T.);
#178=CYLINDRICAL_SURFACE('',#367,3.0);
#179=FACE_OUTER_BOUND('',#368,.T.);
#180=FACE_BOUND('',#369,.T.);
#181=FACE_BOUND('',#370,.T.);
#182=FACE_BOUND('',#371,.T.);
#183=PLANE('',#372);
#184=FACE_OUTER_BOUND('',#373,.T.);
#185=PLANE('',#374);
#186=FACE_OUTER_BOUND('',#375,.T.);
#187=CYLINDRICAL_SURFACE('',#376,5.0);
#188=FACE_OUTER_BOUND('',#377,.T.);
#189=PLANE('',#378);
#190=FACE_OUTER_BOUND('',#379,.T.);
#191=CYLINDRICAL_SURFACE('',#380,5.0);
#192=FACE_BOUND('',#381,.T.);
#193=FACE_OUTER_BOUND('',#382,.T.);
#194=PLANE('',#383);
#195=FACE_OUTER_BOUND('',#384,.T.);
#196=FACE_OUTER_BOUND('',#385,.T.);
#197=CYLINDRICAL_SURFACE('',#386,2.0);
#198=FACE_OUTER_BOUND('',#387,.T.);
#199=FACE_OUTER_BOUND('',#388,.T.);
#200=TOROIDAL_SURFACE('',#389,1.75,0.25);
#201=FACE_OUTER_BOUND('',#390,.T.);
#202=FACE_OUTER_BOUND('',#391,.T.);
#203=TOROIDAL_SURFACE('',#392,2.75,0.25);
#204=FACE_OUTER_BOUND('',#393,.T.);
#205=FACE_OUTER_BOUND('',#394,.T.);
#206=TOROIDAL_SURFACE('',#395,1.75,0.25);
#207=FACE_OUTER_BOUND('',#396,.T.);
#208=CYLINDRICAL_SURFACE('',#397,0.25);
#209=FACE_OUTER_BOUND('',#398,.T.);
#210=TOROIDAL_SURFACE('',#399,4.75,0.25);
#211=FACE_OUTER_BOUND('',#400,.T.);
#212=TOROIDAL_SURFACE('',#401,4.75,0.25);
#213=FACE_OUTER_BOUND('',#402,.T.);
#214=CYLINDRICAL_SURFACE('',#403,0.25);
#215=FACE_OUTER_BOUND('',#404,.T.);
#216=FACE_OUTER_BOUND('',#405,.T.);
#217=TOROIDAL_SURFACE('',#406,2.25,0.25);
#218=FACE_OUTER_BOUND('',#407,.T.);
#219=FACE_OUTER_BOUND('',#408,.T.);
#220=TOROIDAL_SURFACE('',#409,3.25,0.25);
#221=FACE_OUTER_BOUND('',#410,.T.);
#222=FACE_OUTER_BOUND('',#411,.T.);
#223=TOROIDAL_SURFACE('',#412,2.25,0.25);
#224=FACE_BOUND('',#413,.T.);
#225=FACE_OUTER_BOUND('',#414,.T.);
#226=PLANE('',#415);
#227=FACE_OUTER_BOUND('',#416,.T.);
#228=TOROIDAL_SURFACE('',#417,3.25,0.25);
#229=FACE_OUTER_BOUND('',#418,.T.);
#230=CYLINDRICAL_SURFACE('',#419,0.25);
#231=FACE_OUTER_BOUND('',#420,.T.);
#232=CYLINDRICAL_SURFACE('',#421,0.25);
#233=FACE_OUTER_BOUND('',#422,.T.);
#234=CYLINDRICAL_SURFACE('',#423,0.25);
#235=FACE_OUTER_BOUND('',#424,.T.);
#236=TOROIDAL_SURFACE('',#425,14.75,0.25);
#237=FACE_OUTER_BOUND('',#426,.T.);
#238=(B_SPLINE_SURFACE(3,2,((#428,#429,#430),(#431,#432,#433),(#434,#435,#436),(#437,#438,#439),(#440,#441,#442),(#443,#444,#445),(#446,#447,#448),(#449,#450,#451),(#452,#453,#454),(#455,#456,#457),(#458,#459,#460),(#461,#462,#463),(#464,#465,#466),(#467,#468,#469),(#470,#471,#472),(#473,#474,#475),(#476,#477,#478),(#479,#480,#481)),.UNSPECIFIED.,.F.,.F.,.F.)B_SPLINE_SURFACE_WITH_KNOTS((4,2,2,2,2,2,2,2,4),(3,3),(0.00583122562412039,0.00597999677576924,0.00612876792741809,0.00627753907906694,0.00642631023071579,0.00657508138236465,0.0067238525340135,0.00687262368566235,0.0070213948373112),(0.0,1.0),.UNSPECIFIED.)RATIONAL_B_SPLINE_SURFACE(((1.0,0.707106781186562,1.0),(1.0,0.723486463651802,1.0),(1.0,0.739050408605256,1.0),(1.0,0.768704192685669,1.0),(1.0,0.782794303532926,1.0),(1.0,0.809587053895211,1.0),(1.0,0.822288936952916,1.0),(1.0,0.846339438574442,1.0),(1.0,0.857687584394497,1.0),(1.0,0.879033026858088,1.0),(1.0,0.889029998881175,1.0),(1.0,0.907655232931368,1.0),(1.0,0.91628342720325,1.0),(1.0,0.932119715187341,1.0),(1.0,0.939332548060676,1.0),(1.0,0.95232852058864,1.0),(1.0,0.958111531026222,1.0),(1.0,0.96316626349478,1.0)))BOUNDED_SURFACE()REPRESENTATION_ITEM('')GEOMETRIC_REPRESENTATION_ITEM()SURFACE());
#239=FACE_OUTER_BOUND('',#488,.T.);
#240=FACE_OUTER_BOUND('',#489,.T.);
#241=CYLINDRICAL_SURFACE('',#490,1.25);
#242=FACE_OUTER_BOUND('',#491,.T.);
#243=FACE_OUTER_BOUND('',#492,.T.);
#244=TOROIDAL_SURFACE('',#493,3.75,1.25);
#245=FACE_OUTER_BOUND('',#494,.T.);
#246=FACE_OUTER_BOUND('',#495,.T.);
#247=CYLINDRICAL_SURFACE('',#496,1.75);
#248=FACE_OUTER_BOUND('',#497,.T.);
#249=FACE_OUTER_BOUND('',#498,.T.);
#250=CYLINDRICAL_SURFACE('',#499,1.25);
#251=FACE_OUTER_BOUND('',#500,.T.);
#252=FACE_OUTER_BOUND('',#501,.T.);
#253=CYLINDRICAL_SURFACE('',#502,1.5);
#254=FACE_BOUND('',#503,.T.);
#255=FACE_OUTER_BOUND('',#504,.T.);
#256=PLANE('',#505);
#257=FACE_OUTER_BOUND('',#506,.T.);
#258=FACE_BOUND('',#507,.T.);
#259=PLANE('',#508);
#260=FACE_OUTER_BOUND('',#509,.T.);
#261=FACE_OUTER_BOUND('',#510,.T.);
#262=CYLINDRICAL_SURFACE('',#511,20.0);
#263=FACE_OUTER_BOUND('',#512,.T.);
#264=FACE_OUTER_BOUND('',#513,.T.);
#265=CYLINDRICAL_SURFACE('',#514,1.5);
#266=FACE_OUTER_BOUND('',#515,.T.);
#267=CYLINDRICAL_SURFACE('',#516,0.25);
#268=FACE_OUTER_BOUND('',#517,.T.);
#269=CYLINDRICAL_SURFACE('',#518,0.25);
#270=FACE_OUTER_BOUND('',#519,.T.);
#271=FACE_OUTER_BOUND('',#520,.T.);
#272=TOROIDAL_SURFACE('',#521,19.75,0.25);
#273=FACE_OUTER_BOUND('',#522,.T.);
#274=FACE_OUTER_BOUND('',#523,.T.);
#275=TOROIDAL_SURFACE('',#524,19.75,0.25);
#276=FACE_OUTER_BOUND('',#525,.T.);
#277=CYLINDRICAL_SURFACE('',#526,0.25);
#278=FACE_OUTER_BOUND('',#527,.T.);
#279=TOROIDAL_SURFACE('',#528,5.25,0.25);
#280=FACE_OUTER_BOUND('',#529,.T.);
#281=TOROIDAL_SURFACE('',#530,5.25,0.25);
#282=FACE_OUTER_BOUND('',#531,.T.);
#283=CYLINDRICAL_SURFACE('',#532,0.25);
#284=FACE_OUTER_BOUND('',#533,.T.);
#285=FACE_OUTER_BOUND('',#534,.T.);
#286=TOROIDAL_SURFACE('',#535,1.75,0.25);
#287=FACE_OUTER_BOUND('',#536,.T.);
#288=FACE_OUTER_BOUND('',#537,.T.);
#289=TOROIDAL_SURFACE('',#538,2.75,0.25);
#290=FACE_OUTER_BOUND('',#539,.T.);
#291=FACE_BOUND('',#540,.T.);
#292=PLANE('',#541);
#293=FACE_OUTER_BOUND('',#542,.T.);
#294=FACE_OUTER_BOUND('',#543,.T.);
#295=TOROIDAL_SURFACE('',#544,2.75,0.25);
#296=FACE_OUTER_BOUND('',#545,.T.);
#297=FACE_OUTER_BOUND('',#546,.T.);
#298=TOROIDAL_SURFACE('',#547,2.0,0.25);
#299=FACE_OUTER_BOUND('',#548,.T.);
#300=(B_SPLINE_SURFACE(3,2,((#550,#551,#552),(#553,#554,#555),(#556,#557,#558),(#559,#560,#561),(#562,#563,#564),(#565,#566,#567),(#568,#569,#570),(#571,#572,#573),(#574,#575,#576),(#577,#578,#579),(#580,#581,#582),(#583,#584,#585),(#586,#587,#588),(#589,#590,#591),(#592,#593,#594),(#595,#596,#597),(#598,#599,#600),(#601,#602,#603)),.UNSPECIFIED.,.F.,.F.,.F.)B_SPLINE_SURFACE_WITH_KNOTS((4,2,2,2,2,2,2,2,4),(3,3),(0.00583122562412039,0.00597999677576924,0.00612876792741809,0.00627753907906693,0.00642631023071578,0.00657508138236463,0.00672385253401347,0.00687262368566232,0.00702139483731116),(0.0,1.0),.UNSPECIFIED.)RATIONAL_B_SPLINE_SURFACE(((1.0,0.707106781186562,1.0),(1.0,0.723486463651801,1.0),(1.0,0.739050408605256,1.0),(1.0,0.768704192685668,1.0),(1.0,0.782794303533163,1.0),(1.0,0.809587053894974,1.0),(1.0,0.822288936953098,1.0),(1.0,0.846339438574258,1.0),(1.0,0.857687584394539,1.0),(1.0,0.879033026858044,1.0),(1.0,0.889029998881299,1.0),(1.0,0.907655232931228,1.0),(1.0,0.916283427203217,1.0),(1.0,0.932119715187359,1.0),(1.0,0.939332548060588,1.0),(1.0,0.952328520588719,1.0),(1.0,0.958111531026157,1.0),(1.0,0.963166263494779,1.0)))BOUNDED_SURFACE()REPRESENTATION_ITEM('')GEOMETRIC_REPRESENTATION_ITEM()SURFACE());
#301=FACE_OUTER_BOUND('',#610,.T.);
#302=TOROIDAL_SURFACE('',#611,14.75,0.25);
#303=FACE_OUTER_BOUND('',#612,.T.);
#304=FACE_OUTER_BOUND('',#613,.T.);
#305=TOROIDAL_SURFACE('',#614,3.25,0.25);
#306=FACE_OUTER_BOUND('',#615,.T.);
#307=PLANE('',#616);
#308=FACE_OUTER_BOUND('',#617,.T.);
#309=CYLINDRICAL_SURFACE('',#618,15.0);
#310=FACE_OUTER_BOUND('',#619,.T.);
#311=FACE_OUTER_BOUND('',#620,.T.);
#312=CYLINDRICAL_SURFACE('',#621,3.0);
#313=FACE_OUTER_BOUND('',#622,.T.);
#314=FACE_BOUND('',#623,.T.);
#315=PLANE('',#624);
#316=FACE_OUTER_BOUND('',#625,.T.);
#317=FACE_OUTER_BOUND('',#626,.T.);
#318=TOROIDAL_SURFACE('',#627,3.5,1.5);
#319=FACE_OUTER_BOUND('',#628,.T.);
#320=FACE_OUTER_BOUND('',#629,.T.);
#321=CYLINDRICAL_SURFACE('',#630,1.5);
#322=FACE_OUTER_BOUND('',#631,.T.);
#323=FACE_OUTER_BOUND('',#632,.T.);
#324=TOROIDAL_SURFACE('',#633,3.5,1.5);
#325=FACE_OUTER_BOUND('',#634,.T.);
#326=(B_SPLINE_SURFACE(3,2,((#636,#637,#638),(#639,#640,#641),(#642,#643,#644),(#645,#646,#647),(#648,#649,#650),(#651,#652,#653),(#654,#655,#656),(#657,#658,#659),(#660,#661,#662),(#663,#664,#665),(#666,#667,#668),(#669,#670,#671),(#672,#673,#674),(#675,#676,#677),(#678,#679,#680),(#681,#682,#683),(#684,#685,#686),(#687,#688,#689),(#690,#691,#692),(#693,#694,#695),(#696,#697,#698),(#699,#700,#701),(#702,#703,#704),(#705,#706,#707),(#708,#709,#710),(#711,#712,#713),(#714,#715,#716),(#717,#718,#719),(#720,#721,#722),(#723,#724,#725),(#726,#727,#728),(#729,#730,#731),(#732,#733,#734),(#735,#736,#737),(#738,#739,#740),(#741,#742,#743),(#744,#745,#746),(#747,#748,#749),(#750,#751,#752),(#753,#754,#755),(#756,#757,#758),(#759,#760,#761),(#762,#763,#764),(#765,#766,#767),(#768,#769,#770),(#771,#772,#773)),.UNSPECIFIED.,.F.,.F.,.F.)B_SPLINE_SURFACE_WITH_KNOTS((4,2,2,2,2,2,2,2,2,2,2,2,2,2,2,2,2,2,2,2,2,2,4),(3,3),(0.000668847795590242,0.000746524541840875,0.000824201288091508,0.000979554780592774,0.00113490827309404,0.00121258501934467,0.00129026176559531,0.00144561525809657,0.00160096875059784,0.0017563222430991,0.00183399898934973,0.00191167573560037,0.001989352481851,0.00206702922810163,0.0022223827206029,0.00237773621310416,0.00253308970560543,0.0026884431981067,0.00276611994435733,0.00284379669060796,0.00299915018310923,0.00307682692935986,0.00315450367561049),(0.0,1.0),.UNSPECIFIED.)RATIONAL_B_SPLINE_SURFACE(((1.0,0.70710678118657,1.0),(1.0,0.719476132659049,1.0),(1.0,0.73124120051646,1.0),(1.0,0.753698796380537,1.0),(1.0,0.764391529117582,1.0),(1.0,0.795017034905058,1.0),(1.0,0.813505235953636,1.0),(1.0,0.847175215746478,1.0),(1.0,0.862352892501639,1.0),(1.0,0.882879146473563,1.0),(1.0,0.889346538438261,1.0),(1.0,0.901518885116942,1.0),(1.0,0.907230302259327,1.0),(1.0,0.923289079710547,1.0),(1.0,0.9325638284213,1.0),(1.0,0.948430937627724,1.0),(1.0,0.955022929984812,1.0),(1.0,0.965614624053991,1.0),(1.0,0.969614813610361,1.0),(1.0,0.973671337962427,1.0),(1.0,0.974698772544688,1.0),(1.0,0.976094230066894,1.0),(1.0,0.976462211528137,1.0),(1.0,0.976522552399938,1.0),(1.0,0.976211619785731,1.0),(1.0,0.974916613910132,1.0),(1.0,0.973934253639683,1.0),(1.0,0.970001744908808,1.0),(1.0,0.966069560814997,1.0),(1.0,0.955599824080014,1.0),(1.0,0.949061615727481,1.0),(1.0,0.933296964932679,1.0),(1.0,0.924070808151448,1.0),(1.0,0.9027580317827,1.0),(1.0,0.890672680171598,1.0),(1.0,0.870186055145225,1.0),(1.0,0.862957196421717,1.0),(1.0,0.847698075385137,1.0),(1.0,0.839667658242799,1.0),(1.0,0.814298216636147,1.0),(1.0,0.795691396294023,1.0),(1.0,0.76479056057194,1.0),(1.0,0.753974409452935,1.0),(1.0,0.731330103888029,1.0),(1.0,0.719499226107254,1.0),(1.0,0.70710678118657,1.0)))BOUNDED_SURFACE()REPRESENTATION_ITEM('')GEOMETRIC_REPRESENTATION_ITEM()SURFACE());
#327=FACE_BOUND('',#780,.T.);
#328=FACE_OUTER_BOUND('',#781,.T.);
#329=PLANE('',#782);
#330=FACE_OUTER_BOUND('',#783,.T.);
#331=FACE_OUTER_BOUND('',#784,.T.);
#332=TOROIDAL_SURFACE('',#785,3.75,1.25);
#333=FACE_OUTER_BOUND('',#786,.T.);
#334=TOROIDAL_SURFACE('',#787,15.25,0.25);
#335=FACE_OUTER_BOUND('',#788,.T.);
#336=TOROIDAL_SURFACE('',#789,15.25,0.25);
#337=EDGE_LOOP('',(#790,#791));
#338=EDGE_LOOP('',(#792));
#339=AXIS2_PLACEMENT_3D('',#793,#794,#795);
#340=EDGE_LOOP('',(#796));
#341=EDGE_LOOP('',(#797));
#342=AXIS2_PLACEMENT_3D('',#798,#799,#800);
#343=EDGE_LOOP('',(#801));
#344=EDGE_LOOP('',(#802));
#345=AXIS2_PLACEMENT_3D('',#803,#804,#805);
#346=EDGE_LOOP('',(#806));
#347=EDGE_LOOP('',(#807));
#348=AXIS2_PLACEMENT_3D('',#808,#809,#810);
#349=EDGE_LOOP('',(#811,#812,#813,#814));
#350=AXIS2_PLACEMENT_3D('',#815,#816,#817);
#351=EDGE_LOOP('',(#818,#819,#820,#821));
#352=AXIS2_PLACEMENT_3D('',#822,#823,#824);
#353=EDGE_LOOP('',(#825,#826));
#354=EDGE_LOOP('',(#827));
#355=AXIS2_PLACEMENT_3D('',#828,#829,#830);
#356=EDGE_LOOP('',(#831));
#357=EDGE_LOOP('',(#832));
#358=AXIS2_PLACEMENT_3D('',#833,#834,#835);
#359=EDGE_LOOP('',(#836));
#360=EDGE_LOOP('',(#837));
#361=AXIS2_PLACEMENT_3D('',#838,#839,#840);
#362=EDGE_LOOP('',(#841));
#363=EDGE_LOOP('',(#842));
#364=AXIS2_PLACEMENT_3D('',#843,#844,#845);
#365=EDGE_LOOP('',(#846));
#366=EDGE_LOOP('',(#847));
#367=AXIS2_PLACEMENT_3D('',#848,#849,#850);
#368=EDGE_LOOP('',(#851,#852,#853,#854));
#369=EDGE_LOOP('',(#855));
#370=EDGE_LOOP('',(#856));
#371=EDGE_LOOP('',(#857));
#372=AXIS2_PLACEMENT_3D('',#858,#859,#860);
#373=EDGE_LOOP('',(#861,#862,#863,#864));
#374=AXIS2_PLACEMENT_3D('',#865,#866,#867);
#375=EDGE_LOOP('',(#868,#869,#870,#871));
#376=AXIS2_PLACEMENT_3D('',#872,#873,#874);
#377=EDGE_LOOP('',(#875,#876,#877,#878));
#378=AXIS2_PLACEMENT_3D('',#879,#880,#881);
#379=EDGE_LOOP('',(#882,#883,#884,#885));
#380=AXIS2_PLACEMENT_3D('',#886,#887,#888);
#381=EDGE_LOOP('',(#889));
#382=EDGE_LOOP('',(#890));
#383=AXIS2_PLACEMENT_3D('',#891,#892,#893);
#384=EDGE_LOOP('',(#894));
#385=EDGE_LOOP('',(#895));
#386=AXIS2_PLACEMENT_3D('',#896,#897,#898);
#387=EDGE_LOOP('',(#899));
#388=EDGE_LOOP('',(#900));
#389=AXIS2_PLACEMENT_3D('',#901,#902,#903);
#390=EDGE_LOOP('',(#904));
#391=EDGE_LOOP('',(#905));
#392=AXIS2_PLACEMENT_3D('',#906,#907,#908);
#393=EDGE_LOOP('',(#909));
#394=EDGE_LOOP('',(#910));
#395=AXIS2_PLACEMENT_3D('',#911,#912,#913);
#396=EDGE_LOOP('',(#914,#915,#916,#917));
#397=AXIS2_PLACEMENT_3D('',#918,#919,#920);
#398=EDGE_LOOP('',(#921,#922,#923,#924));
#399=AXIS2_PLACEMENT_3D('',#925,#926,#927);
#400=EDGE_LOOP('',(#928,#929,#930,#931));
#401=AXIS2_PLACEMENT_3D('',#932,#933,#934);
#402=EDGE_LOOP('',(#935,#936,#937,#938));
#403=AXIS2_PLACEMENT_3D('',#939,#940,#941);
#404=EDGE_LOOP('',(#942));
#405=EDGE_LOOP('',(#943));
#406=AXIS2_PLACEMENT_3D('',#944,#945,#946);
#407=EDGE_LOOP('',(#947));
#408=EDGE_LOOP('',(#948));
#409=AXIS2_PLACEMENT_3D('',#949,#950,#951);
#410=EDGE_LOOP('',(#952));
#411=EDGE_LOOP('',(#953));
#412=AXIS2_PLACEMENT_3D('',#954,#955,#956);
#413=EDGE_LOOP('',(#957));
#414=EDGE_LOOP('',(#958,#959,#960,#961,#962,#963));
#415=AXIS2_PLACEMENT_3D('',#964,#965,#966);
#416=EDGE_LOOP('',(#967,#968,#969,#970,#971,#972));
#417=AXIS2_PLACEMENT_3D('',#973,#974,#975);
#418=EDGE_LOOP('',(#976,#977,#978,#979));
#419=AXIS2_PLACEMENT_3D('',#980,#981,#982);
#420=EDGE_LOOP('',(#983,#984,#985,#986));
#421=AXIS2_PLACEMENT_3D('',#987,#988,#989);
#422=EDGE_LOOP('',(#990,#991,#992,#993));
#423=AXIS2_PLACEMENT_3D('',#994,#995,#996);
#424=EDGE_LOOP('',(#997,#998,#999,#1000));
#425=AXIS2_PLACEMENT_3D('',#1001,#1002,#1003);
#426=EDGE_LOOP('',(#1004,#1005,#1006,#1007));
#428=CARTESIAN_POINT('',(1.6946088084241,-37.0357583695158,24.0));
#429=CARTESIAN_POINT('',(1.6946088084241,-36.7857583695158,24.0));
#430=CARTESIAN_POINT('',(1.69460880842409,-36.7857583695158,24.25));
#431=CARTESIAN_POINT('',(1.64961929192931,-37.0241752585104,24.0));
#432=CARTESIAN_POINT('',(1.65062909264085,-36.7857583695153,24.0113231031394));
#433=CARTESIAN_POINT('',(1.64254115534827,-36.7857583695158,24.2499999853183));
#434=CARTESIAN_POINT('',(1.60422920081138,-37.0127705336459,23.998901665016));
#435=CARTESIAN_POINT('',(1.60422146061196,-36.7857583695158,24.0201551913538));
#436=CARTESIAN_POINT('',(1.59083522802261,-36.7857583695158,24.247803324675));
#437=CARTESIAN_POINT('',(1.51254145409467,-36.9904152209572,23.9949527170266));
#438=CARTESIAN_POINT('',(1.50984492057042,-36.7857583695158,24.0328265666697));
#439=CARTESIAN_POINT('',(1.48800488636063,-36.7857583695158,24.2399054394102));
#440=CARTESIAN_POINT('',(1.46624341165351,-36.979464639539,23.9920995005658));
#441=CARTESIAN_POINT('',(1.46175922475298,-36.7857583695158,24.0368791274594));
#442=CARTESIAN_POINT('',(1.43688048572564,-36.7857583695158,24.2341989969397));
#443=CARTESIAN_POINT('',(1.37267266582025,-36.9581325026215,23.984960186963));
#444=CARTESIAN_POINT('',(1.36465140077089,-36.7857583695158,24.040894922902));
#445=CARTESIAN_POINT('',(1.33510580683356,-36.7857583695158,24.219920378118));
#446=CARTESIAN_POINT('',(1.32540018601501,-36.9477511246536,23.9806727066301));
#447=CARTESIAN_POINT('',(1.31549277001585,-36.7857583695158,24.0409988408869));
#448=CARTESIAN_POINT('',(1.28445599049828,-36.7857583695158,24.2113454097765));
#449=CARTESIAN_POINT('',(1.22984989302122,-36.9276854504742,23.9709245560514));
#450=CARTESIAN_POINT('',(1.21660511967781,-36.7857583695158,24.0378550383994));
#451=CARTESIAN_POINT('',(1.18354455179368,-36.7857583695158,24.1918491155864));
#452=CARTESIAN_POINT('',(1.18157222898413,-36.9180013268048,23.9654629641903));
#453=CARTESIAN_POINT('',(1.16673431483147,-36.7857583695158,24.034696310363));
#454=CARTESIAN_POINT('',(1.13328323787927,-36.7857583695158,24.1809259253465));
#455=CARTESIAN_POINT('',(1.08401060125716,-36.8994657918394,23.9535986969415));
#456=CARTESIAN_POINT('',(1.06664751740636,-36.7857583695158,24.0256639639306));
#457=CARTESIAN_POINT('',(1.03307200269831,-36.7857583695158,24.1571973969171));
#458=CARTESIAN_POINT('',(1.03472683033146,-36.8906145627881,23.9471951655241));
#459=CARTESIAN_POINT('',(1.01628680358644,-36.7857583695158,24.0198412506567));
#460=CARTESIAN_POINT('',(0.98312236772283,-36.7857583695158,24.1443903283011));
#461=CARTESIAN_POINT('',(0.935176991363222,-36.8738827206902,23.9336767498602));
#462=CARTESIAN_POINT('',(0.91535550987111,-36.7857583695158,24.006070897616));
#463=CARTESIAN_POINT('',(0.883458475001875,-36.7857583695158,24.1173535024675));
#464=CARTESIAN_POINT('',(0.884905893983761,-36.8660020591744,23.9265597704517));
#465=CARTESIAN_POINT('',(0.864631782990185,-36.7857583695158,23.9981428289112));
#466=CARTESIAN_POINT('',(0.833739794422819,-36.7857583695158,24.1031195383473));
#467=CARTESIAN_POINT('',(0.783577236487397,-36.8513661356573,23.911893551453));
#468=CARTESIAN_POINT('',(0.763199865342684,-36.7857583695158,23.9807892711961));
#469=CARTESIAN_POINT('',(0.734602647350548,-36.7857583695158,24.0737871054619));
#470=CARTESIAN_POINT('',(0.732496845930704,-36.8446066646698,23.904339031894));
#471=CARTESIAN_POINT('',(0.712317212655572,-36.7857583695158,23.9713574819953));
#472=CARTESIAN_POINT('',(0.685160936812794,-36.7857583695158,24.0586780611941));
#473=CARTESIAN_POINT('',(0.629470902876416,-36.8323146747009,23.8891085886374));
#474=CARTESIAN_POINT('',(0.610449663926116,-36.7857583695158,23.9516617093757));
#475=CARTESIAN_POINT('',(0.586347071938554,-36.7857583695158,24.0282171798687));
#476=CARTESIAN_POINT('',(0.577526750346432,-36.8267820087378,23.8814278639305));
#477=CARTESIAN_POINT('',(0.559315021886031,-36.7857583695158,23.9413727095217));
#478=CARTESIAN_POINT('',(0.536977664931579,-36.7857583695158,24.01285619791));
#479=CARTESIAN_POINT('',(0.525098318399879,-36.8219137439486,23.8739247091676));
#480=CARTESIAN_POINT('',(0.507767510787517,-36.7857583695158,23.9310572737588));
#481=CARTESIAN_POINT('',(0.487506529752349,-36.7857583695158,23.9978494183353));
#488=EDGE_LOOP('',(#1008));
#489=EDGE_LOOP('',(#1009));
#490=AXIS2_PLACEMENT_3D('',#1010,#1011,#1012);
#491=EDGE_LOOP('',(#1013));
#492=EDGE_LOOP('',(#1014));
#493=AXIS2_PLACEMENT_3D('',#1015,#1016,#1017);
#494=EDGE_LOOP('',(#1018));
#495=EDGE_LOOP('',(#1019));
#496=AXIS2_PLACEMENT_3D('',#1020,#1021,#1022);
#497=EDGE_LOOP('',(#1023));
#498=EDGE_LOOP('',(#1024));
#499=AXIS2_PLACEMENT_3D('',#1025,#1026,#1027);
#500=EDGE_LOOP('',(#1028));
#501=EDGE_LOOP('',(#1029));
#502=AXIS2_PLACEMENT_3D('',#1030,#1031,#1032);
#503=EDGE_LOOP('',(#1033,#1034,#1035,#1036));
#504=EDGE_LOOP('',(#1037));
#505=AXIS2_PLACEMENT_3D('',#1038,#1039,#1040);
#506=EDGE_LOOP('',(#1041));
#507=EDGE_LOOP('',(#1042,#1043,#1044,#1045));
#508=AXIS2_PLACEMENT_3D('',#1046,#1047,#1048);
#509=EDGE_LOOP('',(#1049));
#510=EDGE_LOOP('',(#1050));
#511=AXIS2_PLACEMENT_3D('',#1051,#1052,#1053);
#512=EDGE_LOOP('',(#1054));
#513=EDGE_LOOP('',(#1055));
#514=AXIS2_PLACEMENT_3D('',#1056,#1057,#1058);
#515=EDGE_LOOP('',(#1059,#1060,#1061,#1062));
#516=AXIS2_PLACEMENT_3D('',#1063,#1064,#1065);
#517=EDGE_LOOP('',(#1066,#1067,#1068,#1069));
#518=AXIS2_PLACEMENT_3D('',#1070,#1071,#1072);
#519=EDGE_LOOP('',(#1073));
#520=EDGE_LOOP('',(#1074));
#521=AXIS2_PLACEMENT_3D('',#1075,#1076,#1077);
#522=EDGE_LOOP('',(#1078));
#523=EDGE_LOOP('',(#1079));
#524=AXIS2_PLACEMENT_3D('',#1080,#1081,#1082);
#525=EDGE_LOOP('',(#1083,#1084,#1085,#1086));
#526=AXIS2_PLACEMENT_3D('',#1087,#1088,#1089);
#527=EDGE_LOOP('',(#1090,#1091,#1092,#1093));
#528=AXIS2_PLACEMENT_3D('',#1094,#1095,#1096);
#529=EDGE_LOOP('',(#1097,#1098,#1099,#1100));
#530=AXIS2_PLACEMENT_3D('',#1101,#1102,#1103);
#531=EDGE_LOOP('',(#1104,#1105,#1106,#1107));
#532=AXIS2_PLACEMENT_3D('',#1108,#1109,#1110);
#533=EDGE_LOOP('',(#1111));
#534=EDGE_LOOP('',(#1112));
#535=AXIS2_PLACEMENT_3D('',#1113,#1114,#1115);
#536=EDGE_LOOP('',(#1116));
#537=EDGE_LOOP('',(#1117));
#538=AXIS2_PLACEMENT_3D('',#1118,#1119,#1120);
#539=EDGE_LOOP('',(#1121));
#540=EDGE_LOOP('',(#1122));
#541=AXIS2_PLACEMENT_3D('',#1123,#1124,#1125);
#542=EDGE_LOOP('',(#1126));
#543=EDGE_LOOP('',(#1127));
#544=AXIS2_PLACEMENT_3D('',#1128,#1129,#1130);
#545=EDGE_LOOP('',(#1131));
#546=EDGE_LOOP('',(#1132));
#547=AXIS2_PLACEMENT_3D('',#1133,#1134,#1135);
#548=EDGE_LOOP('',(#1136,#1137,#1138,#1139));
#550=CARTESIAN_POINT('',(-1.69460880842409,-36.7857583695158,24.25));
#551=CARTESIAN_POINT('',(-1.6946088084241,-36.7857583695158,24.0));
#552=CARTESIAN_POINT('',(-1.6946088084241,-37.0357583695158,24.0));
#553=CARTESIAN_POINT('',(-1.64254115534825,-36.7857583695158,24.2499999853183));
#554=CARTESIAN_POINT('',(-1.65062909264084,-36.7857583695158,24.0113231031394));
#555=CARTESIAN_POINT('',(-1.64961929192931,-37.0241752585104,24.0));
#556=CARTESIAN_POINT('',(-1.59083522802263,-36.7857583695158,24.247803324675));
#557=CARTESIAN_POINT('',(-1.60422146061198,-36.7857583695158,24.0201551913538));
#558=CARTESIAN_POINT('',(-1.60422920081141,-37.0127705336459,23.998901665016));
#559=CARTESIAN_POINT('',(-1.48800488636061,-36.7857583695158,24.2399054394102));
#560=CARTESIAN_POINT('',(-1.50984492057042,-36.7857583695158,24.0328265666697));
#561=CARTESIAN_POINT('',(-1.51254145409465,-36.9904152209572,23.9949527170266));
#562=CARTESIAN_POINT('',(-1.43688048572566,-36.7857583695158,24.2341989969397));
#563=CARTESIAN_POINT('',(-1.46175922475296,-36.7857583695158,24.0368791274595));
#564=CARTESIAN_POINT('',(-1.46624341165352,-36.9794646395388,23.9920995005659));
#565=CARTESIAN_POINT('',(-1.33510580683355,-36.7857583695158,24.219920378118));
#566=CARTESIAN_POINT('',(-1.3646514007709,-36.7857583695158,24.0408949229018));
#567=CARTESIAN_POINT('',(-1.37267266582025,-36.9581325026217,23.984960186963));
#568=CARTESIAN_POINT('',(-1.28445599049828,-36.7857583695158,24.2113454097765));
#569=CARTESIAN_POINT('',(-1.31549277001583,-36.7857583695158,24.0409988408869));
#570=CARTESIAN_POINT('',(-1.325400186015,-36.9477511246535,23.9806727066301));
#571=CARTESIAN_POINT('',(-1.18354455179371,-36.7857583695158,24.1918491155864));
#572=CARTESIAN_POINT('',(-1.21660511967784,-36.7857583695158,24.0378550383993));
#573=CARTESIAN_POINT('',(-1.22984989302126,-36.9276854504744,23.9709245560513));
#574=CARTESIAN_POINT('',(-1.13328323787928,-36.7857583695158,24.1809259253464));
#575=CARTESIAN_POINT('',(-1.16673431483147,-36.7857583695158,24.0346963103631));
#576=CARTESIAN_POINT('',(-1.18157222898415,-36.9180013268048,23.9654629641903));
#577=CARTESIAN_POINT('',(-1.03307200269832,-36.7857583695158,24.1571973969172));
#578=CARTESIAN_POINT('',(-1.06664751740638,-36.7857583695158,24.0256639639305));
#579=CARTESIAN_POINT('',(-1.08401060125716,-36.8994657918394,23.9535986969415));
#580=CARTESIAN_POINT('',(-0.983122367722851,-36.7857583695158,24.1443903283012));
#581=CARTESIAN_POINT('',(-1.01628680358647,-36.7857583695158,24.0198412506568));
#582=CARTESIAN_POINT('',(-1.03472683033147,-36.890614562788,23.9471951655242));
#583=CARTESIAN_POINT('',(-0.883458475001899,-36.7857583695158,24.1173535024674));
#584=CARTESIAN_POINT('',(-0.915355509871119,-36.7857583695158,24.006070897616));
#585=CARTESIAN_POINT('',(-0.935176991363262,-36.8738827206903,23.9336767498601));
#586=CARTESIAN_POINT('',(-0.833739794422846,-36.7857583695158,24.1031195383473));
#587=CARTESIAN_POINT('',(-0.864631782990249,-36.7857583695158,23.9981428289109));
#588=CARTESIAN_POINT('',(-0.884905893983777,-36.8660020591745,23.9265597704516));
#589=CARTESIAN_POINT('',(-0.734602647350579,-36.7857583695158,24.0737871054619));
#590=CARTESIAN_POINT('',(-0.763199865342684,-36.7857583695158,23.9807892711963));
#591=CARTESIAN_POINT('',(-0.78357723648744,-36.8513661356573,23.911893551453));
#592=CARTESIAN_POINT('',(-0.685160936812843,-36.7857583695158,24.0586780611941));
#593=CARTESIAN_POINT('',(-0.712317212655555,-36.7857583695158,23.9713574819955));
#594=CARTESIAN_POINT('',(-0.732496845930776,-36.8446066646699,23.9043390318939));
#595=CARTESIAN_POINT('',(-0.586347071938566,-36.7857583695158,24.0282171798687));
#596=CARTESIAN_POINT('',(-0.610449663926202,-36.7857583695158,23.9516617093754));
#597=CARTESIAN_POINT('',(-0.629470902876407,-36.8323146747008,23.8891085886375));
#598=CARTESIAN_POINT('',(-0.536977664931624,-36.7857583695158,24.01285619791));
#599=CARTESIAN_POINT('',(-0.559315021885933,-36.7857583695158,23.9413727095224));
#600=CARTESIAN_POINT('',(-0.577526750346493,-36.8267820087378,23.8814278639306));
#601=CARTESIAN_POINT('',(-0.487506529752383,-36.7857583695158,23.9978494183353));
#602=CARTESIAN_POINT('',(-0.507767510787555,-36.7857583695158,23.9310572737588));
#603=CARTESIAN_POINT('',(-0.525098318399916,-36.8219137439486,23.8739247091676));
#610=EDGE_LOOP('',(#1140,#1141,#1142,#1143));
#611=AXIS2_PLACEMENT_3D('',#1144,#1145,#1146);
#612=EDGE_LOOP('',(#1147));
#613=EDGE_LOOP('',(#1148));
#614=AXIS2_PLACEMENT_3D('',#1149,#1150,#1151);
#615=EDGE_LOOP('',(#1152,#1153,#1154,#1155,#1156,#1157,#1158,#1159));
#616=AXIS2_PLACEMENT_3D('',#1160,#1161,#1162);
#617=EDGE_LOOP('',(#1163,#1164,#1165,#1166));
#618=AXIS2_PLACEMENT_3D('',#1167,#1168,#1169);
#619=EDGE_LOOP('',(#1170));
#620=EDGE_LOOP('',(#1171));
#621=AXIS2_PLACEMENT_3D('',#1172,#1173,#1174);
#622=EDGE_LOOP('',(#1175));
#623=EDGE_LOOP('',(#1176));
#624=AXIS2_PLACEMENT_3D('',#1177,#1178,#1179);
#625=EDGE_LOOP('',(#1180));
#626=EDGE_LOOP('',(#1181));
#627=AXIS2_PLACEMENT_3D('',#1182,#1183,#1184);
#628=EDGE_LOOP('',(#1185));
#629=EDGE_LOOP('',(#1186));
#630=AXIS2_PLACEMENT_3D('',#1187,#1188,#1189);
#631=EDGE_LOOP('',(#1190));
#632=EDGE_LOOP('',(#1191));
#633=AXIS2_PLACEMENT_3D('',#1192,#1193,#1194);
#634=EDGE_LOOP('',(#1195,#1196,#1197,#1198,#1199,#1200));
#636=CARTESIAN_POINT('',(-1.10097360166114,-37.0183144727893,23.75));
#637=CARTESIAN_POINT('',(-1.10097360166114,-37.0183144727893,24.0));
#638=CARTESIAN_POINT('',(-1.19272140179957,-36.7857583695158,24.0));
#639=CARTESIAN_POINT('',(-1.07897285129938,-37.0096347588679,23.7500000115344));
#640=CARTESIAN_POINT('',(-1.08250426244843,-37.0110279623001,23.9914027096194));
#641=CARTESIAN_POINT('',(-1.1688872425492,-36.7857583695158,24.0));
#642=CARTESIAN_POINT('',(-1.05691837765715,-37.0012344198106,23.750528443714));
#643=CARTESIAN_POINT('',(-1.0630486696122,-37.0035598075115,23.9837225939696));
#644=CARTESIAN_POINT('',(-1.14499490906861,-36.7857583695158,24.0));
#645=CARTESIAN_POINT('',(-1.01269294150365,-36.9849820439717,23.7524631426544));
#646=CARTESIAN_POINT('',(-1.02320298203463,-36.9887739632412,23.9702642462096));
#647=CARTESIAN_POINT('',(-1.09708402002225,-36.7857583695158,24.0));
#648=CARTESIAN_POINT('',(-0.99052196438445,-36.9771300130354,23.7538699882384));
#649=CARTESIAN_POINT('',(-1.002784818129,-36.9814309410493,23.9644115029231));
#650=CARTESIAN_POINT('',(-1.07306546137632,-36.7857583695158,24.0));
#651=CARTESIAN_POINT('',(-0.923822962151143,-36.9543847111847,23.7591973764736));
#652=CARTESIAN_POINT('',(-0.941265902378616,-36.9601039343825,23.9493905089966));
#653=CARTESIAN_POINT('',(-1.00080820907742,-36.7857583695158,24.0));
#654=CARTESIAN_POINT('',(-0.879108684522596,-36.9403013647629,23.7642182589061));
#655=CARTESIAN_POINT('',(-0.898106213990532,-36.946130140434,23.9420680134734));
#656=CARTESIAN_POINT('',(-0.95236774154612,-36.7857583695158,24.0));
#657=CARTESIAN_POINT('',(-0.789133766745276,-36.9142577874291,23.7763304547841));
#658=CARTESIAN_POINT('',(-0.810122823533558,-36.9200163893648,23.9318813466214));
#659=CARTESIAN_POINT('',(-0.854894913994078,-36.7857583695158,24.0));
#660=CARTESIAN_POINT('',(-0.743873515523756,-36.9022977523636,23.7834281114593));
#661=CARTESIAN_POINT('',(-0.765016501025045,-36.90769836175,23.9288023575561));
#662=CARTESIAN_POINT('',(-0.805862975171993,-36.7857583695158,24.0));
#663=CARTESIAN_POINT('',(-0.675538120568858,-36.8859418982157,23.7950965730404));
#664=CARTESIAN_POINT('',(-0.695925273862491,-36.8906553981758,23.9264754905134));
#665=CARTESIAN_POINT('',(-0.731832963938966,-36.7857583695158,24.0));
#666=CARTESIAN_POINT('',(-0.652682153863818,-36.8807540680539,23.7991578371054));
#667=CARTESIAN_POINT('',(-0.672868090122769,-36.8852506883233,23.9260702839076));
#668=CARTESIAN_POINT('',(-0.707072333314835,-36.7857583695158,24.0));
#669=CARTESIAN_POINT('',(-0.606979179735633,-36.8709403088977,23.8075010852817));
#670=CARTESIAN_POINT('',(-0.626619273136003,-36.8749976855477,23.92587631538));
#671=CARTESIAN_POINT('',(-0.657560778084576,-36.7857583695158,24.0));
#672=CARTESIAN_POINT('',(-0.584111429388446,-36.8663092099645,23.8117867231853));
#673=CARTESIAN_POINT('',(-0.603371597770325,-36.8701283525925,23.9260782811085));
#674=CARTESIAN_POINT('',(-0.632787381813846,-36.7857583695158,24.0));
#675=CARTESIAN_POINT('',(-0.515443008418011,-36.8532322722744,23.8248386286733));
#676=CARTESIAN_POINT('',(-0.533807857574742,-36.8564322364561,23.9274014505147));
#677=CARTESIAN_POINT('',(-0.558396592500117,-36.7857583695158,24.0));
#678=CARTESIAN_POINT('',(-0.469578504750803,-36.845601895769,23.8338102619267));
#679=CARTESIAN_POINT('',(-0.4866562803598,-36.8482821221715,23.9292336987405));
#680=CARTESIAN_POINT('',(-0.508710046810162,-36.7857583695158,24.0));
#681=CARTESIAN_POINT('',(-0.377569387574664,-36.8324795521712,23.851348685391));
#682=CARTESIAN_POINT('',(-0.391980402014388,-36.8342943501488,23.9338560018173));
#683=CARTESIAN_POINT('',(-0.409033503209097,-36.7857583695158,24.0));
#684=CARTESIAN_POINT('',(-0.331426078554126,-36.8269873497494,23.859926179716));
#685=CARTESIAN_POINT('',(-0.344194767174097,-36.8283774788167,23.9366472366451));
#686=CARTESIAN_POINT('',(-0.359044918458906,-36.7857583695158,24.0));
#687=CARTESIAN_POINT('',(-0.238693790633465,-36.8181358801099,23.8752857315265));
#688=CARTESIAN_POINT('',(-0.248205730505851,-36.8188743578789,23.9420960009727));
#689=CARTESIAN_POINT('',(-0.258584939827653,-36.7857583695158,24.0));
#690=CARTESIAN_POINT('',(-0.192104196326546,-36.8147759304443,23.8820620191094));
#691=CARTESIAN_POINT('',(-0.19974666189764,-36.8152359092814,23.9447635912704));
#692=CARTESIAN_POINT('',(-0.208112879384674,-36.7857583695158,24.0));
#693=CARTESIAN_POINT('',(-0.121699288445944,-36.8113650978883,23.8893476231146));
#694=CARTESIAN_POINT('',(-0.126528903554335,-36.8115543939252,23.9477011029266));
#695=CARTESIAN_POINT('',(-0.131840895800983,-36.7857583695158,24.0));
#696=CARTESIAN_POINT('',(-0.0981435294601329,-36.8105001103229,23.8912908639929));
#697=CARTESIAN_POINT('',(-0.102036877194872,-36.810620068226,23.9485024380369));
#698=CARTESIAN_POINT('',(-0.106322156925358,-36.7857583695158,24.0));
#699=CARTESIAN_POINT('',(-0.0508273601528887,-36.809324959415,23.8939677635375));
#700=CARTESIAN_POINT('',(-0.0528592236264177,-36.8093521941312,23.9496110556718));
#701=CARTESIAN_POINT('',(-0.0550629734887489,-36.7857583695158,24.0));
#702=CARTESIAN_POINT('',(-0.027066600871394,-36.8090148347954,23.8946985353439));
#703=CARTESIAN_POINT('',(-0.0281401811058988,-36.8090169852568,23.9499181678433));
#704=CARTESIAN_POINT('',(-0.0293221509445102,-36.7857583695158,24.0));
#705=CARTESIAN_POINT('',(0.0206770742289662,-36.8089639915192,23.8948172160833));
#706=CARTESIAN_POINT('',(0.0214958630890013,-36.808962112453,23.9499677965519));
#707=CARTESIAN_POINT('',(0.0224001637485452,-36.7857583695158,24.0));
#708=CARTESIAN_POINT('',(0.0447130819439355,-36.8092260508612,23.8941982446489));
#709=CARTESIAN_POINT('',(0.0465020570451804,-36.8092453836799,23.9497074318052));
#710=CARTESIAN_POINT('',(0.0484391720949688,-36.7857583695158,24.0));
#711=CARTESIAN_POINT('',(0.0924199529051361,-36.8103167004284,23.8917046686618));
#712=CARTESIAN_POINT('',(0.096087938783244,-36.8104221504478,23.9486731941959));
#713=CARTESIAN_POINT('',(0.100121615658189,-36.7857583695158,24.0));
#714=CARTESIAN_POINT('',(0.116154360685428,-36.8111438431039,23.8898363083648));
#715=CARTESIAN_POINT('',(0.12076747065605,-36.8113156823986,23.9479009776184));
#716=CARTESIAN_POINT('',(0.125833890724737,-36.7857583695158,24.0));
#717=CARTESIAN_POINT('',(0.187051097161183,-36.8144509065036,23.8827291248639));
#718=CARTESIAN_POINT('',(0.194499452682439,-36.8148853849583,23.9450273336368));
#719=CARTESIAN_POINT('',(0.202638688626901,-36.7857583695158,24.0));
#720=CARTESIAN_POINT('',(0.233910176084791,-36.8177544680329,23.8760106880667));
#721=CARTESIAN_POINT('',(0.243245027179242,-36.8184634113027,23.9423706816918));
#722=CARTESIAN_POINT('',(0.253402690725428,-36.7857583695158,24.0));
#723=CARTESIAN_POINT('',(0.327101202936501,-36.8265063468732,23.8607036456845));
#724=CARTESIAN_POINT('',(0.339722972516589,-36.8278612603861,23.936907432924));
#725=CARTESIAN_POINT('',(0.354359636547633,-36.7857583695158,24.0));
#726=CARTESIAN_POINT('',(0.373433939340014,-36.8319554776796,23.8521217964776));
#727=CARTESIAN_POINT('',(0.387713234103482,-36.8337330920636,23.9340909561693));
#728=CARTESIAN_POINT('',(0.404553434279486,-36.7857583695158,24.0));
#729=CARTESIAN_POINT('',(0.465766071877608,-36.8449978676309,23.8345509077624));
#730=CARTESIAN_POINT('',(0.482742120597674,-36.8476392756763,23.9293999728567));
#731=CARTESIAN_POINT('',(0.504579911206265,-36.7857583695158,24.0));
#732=CARTESIAN_POINT('',(0.511763953164803,-36.8525914208872,23.8255507170684));
#733=CARTESIAN_POINT('',(0.530042407160947,-36.8557525569754,23.92752343499));
#734=CARTESIAN_POINT('',(0.554410949299843,-36.7857583695158,24.0));
#735=CARTESIAN_POINT('',(0.603546319999791,-36.8699550116916,23.808080866545));
#736=CARTESIAN_POINT('',(0.623602743091032,-36.8740531598217,23.9256457790441));
#737=CARTESIAN_POINT('',(0.653841846628469,-36.7857583695158,24.0));
#738=CARTESIAN_POINT('',(0.649329713124751,-36.8797250002422,23.7996029086576));
#739=CARTESIAN_POINT('',(0.670141340914766,-36.8843511687021,23.9256803098944));
#740=CARTESIAN_POINT('',(0.703440522650503,-36.7857583695158,24.0));
#741=CARTESIAN_POINT('',(0.717913212504572,-36.8960591346555,23.787846934679));
#742=CARTESIAN_POINT('',(0.738442200780742,-36.9011175023683,23.9278738116302));
#743=CARTESIAN_POINT('',(0.777739313497273,-36.7857583695158,24.0));
#744=CARTESIAN_POINT('',(0.740775848136776,-36.9017885601943,23.7840851931056));
#745=CARTESIAN_POINT('',(0.761292930904166,-36.9070207521587,23.9289894617268));
#746=CARTESIAN_POINT('',(0.802507168825612,-36.7857583695158,24.0));
#747=CARTESIAN_POINT('',(0.786372417009983,-36.9137892408741,23.7769921187726));
#748=CARTESIAN_POINT('',(0.806544227387082,-36.9192690851913,23.9320960619198));
#749=CARTESIAN_POINT('',(0.851903451750045,-36.7857583695158,24.0));
#750=CARTESIAN_POINT('',(0.809109545892444,-36.9200607549605,23.7736597597805));
#751=CARTESIAN_POINT('',(0.828984638891148,-36.9256346395518,23.9341053185723));
#752=CARTESIAN_POINT('',(0.8765353414084,-36.7857583695158,24.0));
#753=CARTESIAN_POINT('',(0.8771496845094,-36.9396955843731,23.764447888535));
#754=CARTESIAN_POINT('',(0.89622750176381,-36.9455343029241,23.9417737503796));
#755=CARTESIAN_POINT('',(0.950245491502014,-36.7857583695158,24.0));
#756=CARTESIAN_POINT('',(0.922280904993231,-36.953877969107,23.7593444686315));
#757=CARTESIAN_POINT('',(0.939825277578484,-36.9596209033654,23.9490925987882));
#758=CARTESIAN_POINT('',(0.999137647201316,-36.7857583695158,24.0));
#759=CARTESIAN_POINT('',(0.989688308092923,-36.9768365012697,23.7539250342956));
#760=CARTESIAN_POINT('',(1.00202148510059,-36.9811580848165,23.9641980998076));
#761=CARTESIAN_POINT('',(1.07216233370467,-36.7857583695158,24.0));
#762=CARTESIAN_POINT('',(1.01213789414338,-36.9847813241615,23.7524922460358));
#763=CARTESIAN_POINT('',(1.02270334393309,-36.9885911562723,23.9701071333723));
#764=CARTESIAN_POINT('',(1.09648271860023,-36.7857583695158,24.0));
#765=CARTESIAN_POINT('',(1.0567553914184,-37.0011713218884,23.7505308287749));
#766=CARTESIAN_POINT('',(1.06291184670459,-37.0035064002723,23.9836645661468));
#767=CARTESIAN_POINT('',(1.14481834075836,-36.7857583695158,24.0));
#768=CARTESIAN_POINT('',(1.07893200255754,-37.0096186432633,23.7500000102362));
#769=CARTESIAN_POINT('',(1.08247066263464,-37.011014706001,23.9913870657679));
#770=CARTESIAN_POINT('',(1.16884300147434,-36.7857583695158,24.0));
#771=CARTESIAN_POINT('',(1.10097360166114,-37.0183144727893,23.75));
#772=CARTESIAN_POINT('',(1.10097360166115,-37.0183144727893,24.0));
#773=CARTESIAN_POINT('',(1.19272140179957,-36.7857583695158,24.0));
#780=EDGE_LOOP('',(#1201,#1202));
#781=EDGE_LOOP('',(#1203));
#782=AXIS2_PLACEMENT_3D('',#1204,#1205,#1206);
#783=EDGE_LOOP('',(#1207));
#784=EDGE_LOOP('',(#1208,#1209));
#785=AXIS2_PLACEMENT_3D('',#1210,#1211,#1212);
#786=EDGE_LOOP('',(#1213,#1214,#1215,#1216));
#787=AXIS2_PLACEMENT_3D('',#1217,#1218,#1219);
#788=EDGE_LOOP('',(#1220,#1221,#1222,#1223));
#789=AXIS2_PLACEMENT_3D('',#1224,#1225,#1226);
#790=ORIENTED_EDGE('',*,*,#1227,.F.);
#791=ORIENTED_EDGE('',*,*,#1228,.T.);
#792=ORIENTED_EDGE('',*,*,#1229,.T.);
#793=CARTESIAN_POINT('',(3.75,-48.7857583695158,34.1929368866578));
#794=DIRECTION('',(4.32978028117746E-017,1.0,4.32978028117747E-017));
#795=DIRECTION('',(-0.707106781186547,6.12323399573677E-017,-0.707106781186548));
#796=ORIENTED_EDGE('',*,*,#1230,.F.);
#797=ORIENTED_EDGE('',*,*,#1231,.T.);
#798=CARTESIAN_POINT('',(-1.09847155420578,-48.7857583695158,36.844465332452));
#799=DIRECTION('',(-0.707106781186548,0.0,0.707106781186547));
#800=DIRECTION('',(0.707106781186547,0.0,0.707106781186548));
#801=ORIENTED_EDGE('',*,*,#1232,.T.);
#802=ORIENTED_EDGE('',*,*,#1231,.F.);
#803=CARTESIAN_POINT('',(-2.25,-48.7857583695158,43.2992946371454));
#804=DIRECTION('',(4.32978028117748E-017,1.0,-4.32978028117746E-017));
#805=DIRECTION('',(-0.707106781186549,6.12323399573677E-017,0.707106781186546));
#806=ORIENTED_EDGE('',*,*,#1233,.F.);
#807=ORIENTED_EDGE('',*,*,#1232,.F.);
#808=CARTESIAN_POINT('',(-6.0,-48.7857583695158,43.2992946371454));
#809=DIRECTION('',(0.0,0.0,1.0));
#810=DIRECTION('',(1.0,0.0,0.0));
#811=ORIENTED_EDGE('',*,*,#1234,.F.);
#812=ORIENTED_EDGE('',*,*,#1235,.T.);
#813=ORIENTED_EDGE('',*,*,#1236,.T.);
#814=ORIENTED_EDGE('',*,*,#1237,.T.);
#815=CARTESIAN_POINT('',(9.0,-60.7857583695158,24.0));
#816=DIRECTION('',(0.0,1.0,0.0));
#817=DIRECTION('',(0.0,0.0,1.0));
#818=ORIENTED_EDGE('',*,*,#1238,.F.);
#819=ORIENTED_EDGE('',*,*,#1239,.T.);
#820=ORIENTED_EDGE('',*,*,#1234,.T.);
#821=ORIENTED_EDGE('',*,*,#1240,.T.);
#822=CARTESIAN_POINT('',(1.38777878078145E-014,-48.7857583695158,24.0));
#823=DIRECTION('',(0.0,0.0,1.0));
#824=DIRECTION('',(-1.0,0.0,0.0));
#825=ORIENTED_EDGE('',*,*,#1241,.T.);
#826=ORIENTED_EDGE('',*,*,#1242,.T.);
#827=ORIENTED_EDGE('',*,*,#1243,.T.);
#828=CARTESIAN_POINT('',(0.0,-39.8089877120714,12.0));
#829=DIRECTION('',(0.0,0.0,1.0));
#830=DIRECTION('',(-1.0,0.0,0.0));
#831=ORIENTED_EDGE('',*,*,#1244,.T.);
#832=ORIENTED_EDGE('',*,*,#1245,.T.);
#833=CARTESIAN_POINT('',(6.0,-48.7857583695158,63.0));
#834=DIRECTION('',(0.0,0.0,1.0));
#835=DIRECTION('',(1.0,0.0,0.0));
#836=ORIENTED_EDGE('',*,*,#1246,.T.);
#837=ORIENTED_EDGE('',*,*,#1247,.T.);
#838=CARTESIAN_POINT('',(6.0,-48.7857583695158,63.0));
#839=DIRECTION('',(0.0,0.0,-1.0));
#840=DIRECTION('',(-1.0,0.0,0.0));
#841=ORIENTED_EDGE('',*,*,#1248,.T.);
#842=ORIENTED_EDGE('',*,*,#1249,.T.);
#843=CARTESIAN_POINT('',(-2.16840434497101E-015,-48.7857583695158,68.0));
#844=DIRECTION('',(0.0,0.0,1.0));
#845=DIRECTION('',(1.0,0.0,0.0));
#846=ORIENTED_EDGE('',*,*,#1250,.T.);
#847=ORIENTED_EDGE('',*,*,#1251,.T.);
#848=CARTESIAN_POINT('',(-2.16840434497101E-015,-48.7857583695158,68.0));
#849=DIRECTION('',(0.0,0.0,-1.0));
#850=DIRECTION('',(-1.0,0.0,0.0));
#851=ORIENTED_EDGE('',*,*,#1252,.T.);
#852=ORIENTED_EDGE('',*,*,#1253,.T.);
#853=ORIENTED_EDGE('',*,*,#1254,.T.);
#854=ORIENTED_EDGE('',*,*,#1255,.T.);
#855=ORIENTED_EDGE('',*,*,#1256,.T.);
#856=ORIENTED_EDGE('',*,*,#1257,.T.);
#857=ORIENTED_EDGE('',*,*,#1258,.T.);
#858=CARTESIAN_POINT('',(-7.5,-48.7857583695158,58.0));
#859=DIRECTION('',(0.0,0.0,1.0));
#860=DIRECTION('',(1.0,0.0,0.0));
#861=ORIENTED_EDGE('',*,*,#1259,.T.);
#862=ORIENTED_EDGE('',*,*,#1260,.T.);
#863=ORIENTED_EDGE('',*,*,#1261,.F.);
#864=ORIENTED_EDGE('',*,*,#1262,.T.);
#865=CARTESIAN_POINT('',(7.5,-43.7857583695158,58.0));
#866=DIRECTION('',(0.0,-1.0,0.0));
#867=DIRECTION('',(0.0,0.0,-1.0));
#868=ORIENTED_EDGE('',*,*,#1263,.T.);
#869=ORIENTED_EDGE('',*,*,#1264,.T.);
#870=ORIENTED_EDGE('',*,*,#1259,.F.);
#871=ORIENTED_EDGE('',*,*,#1265,.T.);
#872=CARTESIAN_POINT('',(7.5,-48.7857583695158,58.0));
#873=DIRECTION('',(0.0,0.0,-1.0));
#874=DIRECTION('',(-1.0,0.0,0.0));
#875=ORIENTED_EDGE('',*,*,#1266,.T.);
#876=ORIENTED_EDGE('',*,*,#1267,.T.);
#877=ORIENTED_EDGE('',*,*,#1263,.F.);
#878=ORIENTED_EDGE('',*,*,#1268,.T.);
#879=CARTESIAN_POINT('',(-7.5,-53.7857583695158,58.0));
#880=DIRECTION('',(0.0,1.0,0.0));
#881=DIRECTION('',(0.0,0.0,1.0));
#882=ORIENTED_EDGE('',*,*,#1261,.T.);
#883=ORIENTED_EDGE('',*,*,#1269,.T.);
#884=ORIENTED_EDGE('',*,*,#1266,.F.);
#885=ORIENTED_EDGE('',*,*,#1270,.T.);
#886=CARTESIAN_POINT('',(-7.5,-48.7857583695158,58.0));
#887=DIRECTION('',(0.0,0.0,-1.0));
#888=DIRECTION('',(-1.0,0.0,0.0));
#889=ORIENTED_EDGE('',*,*,#1233,.T.);
#890=ORIENTED_EDGE('',*,*,#1271,.T.);
#891=CARTESIAN_POINT('',(-6.0,-48.7857583695158,62.6575934839203));
#892=DIRECTION('',(0.0,0.0,1.0));
#893=DIRECTION('',(-1.0,0.0,0.0));
#894=ORIENTED_EDGE('',*,*,#1272,.T.);
#895=ORIENTED_EDGE('',*,*,#1273,.T.);
#896=CARTESIAN_POINT('',(-6.0,-48.7857583695158,62.6575934839203));
#897=DIRECTION('',(0.0,0.0,-1.0));
#898=DIRECTION('',(1.0,0.0,0.0));
#899=ORIENTED_EDGE('',*,*,#1271,.F.);
#900=ORIENTED_EDGE('',*,*,#1272,.F.);
#901=CARTESIAN_POINT('',(-6.0,-48.7857583695158,62.4075934839203));
#902=DIRECTION('',(0.0,0.0,1.0));
#903=DIRECTION('',(1.0,0.0,0.0));
#904=ORIENTED_EDGE('',*,*,#1250,.F.);
#905=ORIENTED_EDGE('',*,*,#1249,.F.);
#906=CARTESIAN_POINT('',(-2.16840434497101E-015,-48.7857583695158,67.75));
#907=DIRECTION('',(0.0,0.0,1.0));
#908=DIRECTION('',(1.0,0.0,0.0));
#909=ORIENTED_EDGE('',*,*,#1246,.F.);
#910=ORIENTED_EDGE('',*,*,#1245,.F.);
#911=CARTESIAN_POINT('',(6.0,-48.7857583695158,62.75));
#912=DIRECTION('',(0.0,0.0,1.0));
#913=DIRECTION('',(1.0,0.0,0.0));
#914=ORIENTED_EDGE('',*,*,#1274,.T.);
#915=ORIENTED_EDGE('',*,*,#1262,.F.);
#916=ORIENTED_EDGE('',*,*,#1275,.T.);
#917=ORIENTED_EDGE('',*,*,#1253,.F.);
#918=CARTESIAN_POINT('',(-7.5,-44.0357583695158,57.75));
#919=DIRECTION('',(1.0,0.0,0.0));
#920=DIRECTION('',(0.0,0.0,-1.0));
#921=ORIENTED_EDGE('',*,*,#1276,.T.);
#922=ORIENTED_EDGE('',*,*,#1254,.F.);
#923=ORIENTED_EDGE('',*,*,#1275,.F.);
#924=ORIENTED_EDGE('',*,*,#1270,.F.);
#925=CARTESIAN_POINT('',(-7.5,-48.7857583695158,57.75));
#926=DIRECTION('',(0.0,0.0,1.0));
#927=DIRECTION('',(1.0,0.0,0.0));
#928=ORIENTED_EDGE('',*,*,#1277,.T.);
#929=ORIENTED_EDGE('',*,*,#1265,.F.);
#930=ORIENTED_EDGE('',*,*,#1274,.F.);
#931=ORIENTED_EDGE('',*,*,#1252,.F.);
#932=CARTESIAN_POINT('',(7.5,-48.7857583695158,57.75));
#933=DIRECTION('',(0.0,0.0,1.0));
#934=DIRECTION('',(1.0,0.0,0.0));
#935=ORIENTED_EDGE('',*,*,#1276,.F.);
#936=ORIENTED_EDGE('',*,*,#1268,.F.);
#937=ORIENTED_EDGE('',*,*,#1277,.F.);
#938=ORIENTED_EDGE('',*,*,#1255,.F.);
#939=CARTESIAN_POINT('',(-7.5,-53.5357583695158,57.75));
#940=DIRECTION('',(-1.0,0.0,0.0));
#941=DIRECTION('',(0.0,0.0,1.0));
#942=ORIENTED_EDGE('',*,*,#1256,.F.);
#943=ORIENTED_EDGE('',*,*,#1273,.F.);
#944=CARTESIAN_POINT('',(-6.0,-48.7857583695158,58.25));
#945=DIRECTION('',(0.0,0.0,1.0));
#946=DIRECTION('',(1.0,0.0,0.0));
#947=ORIENTED_EDGE('',*,*,#1257,.F.);
#948=ORIENTED_EDGE('',*,*,#1251,.F.);
#949=CARTESIAN_POINT('',(-2.16840434497101E-015,-48.7857583695158,58.25));
#950=DIRECTION('',(0.0,0.0,1.0));
#951=DIRECTION('',(1.0,0.0,0.0));
#952=ORIENTED_EDGE('',*,*,#1258,.F.);
#953=ORIENTED_EDGE('',*,*,#1247,.F.);
#954=CARTESIAN_POINT('',(6.0,-48.7857583695158,58.25));
#955=DIRECTION('',(0.0,0.0,1.0));
#956=DIRECTION('',(1.0,0.0,0.0));
#957=ORIENTED_EDGE('',*,*,#1278,.T.);
#958=ORIENTED_EDGE('',*,*,#1279,.T.);
#959=ORIENTED_EDGE('',*,*,#1280,.T.);
#960=ORIENTED_EDGE('',*,*,#1281,.T.);
#961=ORIENTED_EDGE('',*,*,#1282,.T.);
#962=ORIENTED_EDGE('',*,*,#1283,.T.);
#963=ORIENTED_EDGE('',*,*,#1284,.T.);
#964=CARTESIAN_POINT('',(1.38777878078145E-014,-48.7857583695158,24.0));
#965=DIRECTION('',(0.0,0.0,-1.0));
#966=DIRECTION('',(1.0,0.0,0.0));
#967=ORIENTED_EDGE('',*,*,#1285,.F.);
#968=ORIENTED_EDGE('',*,*,#1286,.T.);
#969=ORIENTED_EDGE('',*,*,#1279,.F.);
#970=ORIENTED_EDGE('',*,*,#1287,.T.);
#971=ORIENTED_EDGE('',*,*,#1288,.F.);
#972=ORIENTED_EDGE('',*,*,#1241,.F.);
#973=CARTESIAN_POINT('',(0.0,-39.8089877120714,23.75));
#974=DIRECTION('',(0.0,0.0,-1.0));
#975=DIRECTION('',(-1.0,0.0,0.0));
#976=ORIENTED_EDGE('',*,*,#1289,.T.);
#977=ORIENTED_EDGE('',*,*,#1284,.F.);
#978=ORIENTED_EDGE('',*,*,#1290,.F.);
#979=ORIENTED_EDGE('',*,*,#1291,.F.);
#980=CARTESIAN_POINT('',(1.38777878078145E-014,-37.0357583695158,24.25));
#981=DIRECTION('',(-1.0,0.0,0.0));
#982=DIRECTION('',(0.0,0.0,1.0));
#983=ORIENTED_EDGE('',*,*,#1292,.T.);
#984=ORIENTED_EDGE('',*,*,#1235,.F.);
#985=ORIENTED_EDGE('',*,*,#1293,.F.);
#986=ORIENTED_EDGE('',*,*,#1282,.F.);
#987=CARTESIAN_POINT('',(1.38777878078145E-014,-60.5357583695158,24.25));
#988=DIRECTION('',(1.0,0.0,0.0));
#989=DIRECTION('',(0.0,0.0,-1.0));
#990=ORIENTED_EDGE('',*,*,#1294,.T.);
#991=ORIENTED_EDGE('',*,*,#1295,.F.);
#992=ORIENTED_EDGE('',*,*,#1296,.F.);
#993=ORIENTED_EDGE('',*,*,#1280,.F.);
#994=CARTESIAN_POINT('',(1.38777878078145E-014,-37.0357583695158,24.25));
#995=DIRECTION('',(-1.0,0.0,0.0));
#996=DIRECTION('',(0.0,0.0,1.0));
#997=ORIENTED_EDGE('',*,*,#1296,.T.);
#998=ORIENTED_EDGE('',*,*,#1297,.F.);
#999=ORIENTED_EDGE('',*,*,#1292,.F.);
#1000=ORIENTED_EDGE('',*,*,#1281,.F.);
#1001=CARTESIAN_POINT('',(-1.7347234759768E-015,-48.7857583695158,24.25));
#1002=DIRECTION('',(0.0,0.0,-1.0));
#1003=DIRECTION('',(-1.0,0.0,0.0));
#1004=ORIENTED_EDGE('',*,*,#1298,.F.);
#1005=ORIENTED_EDGE('',*,*,#1299,.F.);
#1006=ORIENTED_EDGE('',*,*,#1294,.F.);
#1007=ORIENTED_EDGE('',*,*,#1286,.F.);
#1008=ORIENTED_EDGE('',*,*,#1229,.F.);
#1009=ORIENTED_EDGE('',*,*,#1300,.F.);
#1010=CARTESIAN_POINT('',(1.09847155420578,-48.7857583695158,36.844465332452));
#1011=DIRECTION('',(0.707106781186549,0.0,0.707106781186547));
#1012=DIRECTION('',(-0.707106781186546,0.0,0.707106781186548));
#1013=ORIENTED_EDGE('',*,*,#1301,.F.);
#1014=ORIENTED_EDGE('',*,*,#1300,.T.);
#1015=CARTESIAN_POINT('',(2.25,-48.7857583695158,43.2992946371454));
#1016=DIRECTION('',(-4.32978028117748E-017,1.0,-4.32978028117746E-017));
#1017=DIRECTION('',(0.70710678118655,6.12323399573677E-017,0.707106781186546));
#1018=ORIENTED_EDGE('',*,*,#1302,.T.);
#1019=ORIENTED_EDGE('',*,*,#1303,.T.);
#1020=CARTESIAN_POINT('',(0.0,-48.7857583695158,34.1929368866578));
#1021=DIRECTION('',(0.0,0.0,-1.0));
#1022=DIRECTION('',(-1.0,0.0,0.0));
#1023=ORIENTED_EDGE('',*,*,#1301,.T.);
#1024=ORIENTED_EDGE('',*,*,#1244,.F.);
#1025=CARTESIAN_POINT('',(6.0,-48.7857583695158,43.2992946371454));
#1026=DIRECTION('',(0.0,0.0,1.0));
#1027=DIRECTION('',(-1.0,0.0,0.0));
#1028=ORIENTED_EDGE('',*,*,#1304,.T.);
#1029=ORIENTED_EDGE('',*,*,#1248,.F.);
#1030=CARTESIAN_POINT('',(-2.16840434497101E-015,-48.7857583695158,44.0));
#1031=DIRECTION('',(0.0,0.0,1.0));
#1032=DIRECTION('',(-1.0,0.0,0.0));
#1033=ORIENTED_EDGE('',*,*,#1305,.T.);
#1034=ORIENTED_EDGE('',*,*,#1306,.T.);
#1035=ORIENTED_EDGE('',*,*,#1307,.T.);
#1036=ORIENTED_EDGE('',*,*,#1308,.T.);
#1037=ORIENTED_EDGE('',*,*,#1309,.T.);
#1038=CARTESIAN_POINT('',(0.0,-48.7857583695158,46.0));
#1039=DIRECTION('',(0.0,0.0,1.0));
#1040=DIRECTION('',(1.0,0.0,0.0));
#1041=ORIENTED_EDGE('',*,*,#1310,.T.);
#1042=ORIENTED_EDGE('',*,*,#1311,.T.);
#1043=ORIENTED_EDGE('',*,*,#1312,.T.);
#1044=ORIENTED_EDGE('',*,*,#1313,.T.);
#1045=ORIENTED_EDGE('',*,*,#1314,.T.);
#1046=CARTESIAN_POINT('',(0.0,-48.7857583695158,44.0));
#1047=DIRECTION('',(0.0,0.0,1.0));
#1048=DIRECTION('',(1.0,0.0,0.0));
#1049=ORIENTED_EDGE('',*,*,#1315,.T.);
#1050=ORIENTED_EDGE('',*,*,#1316,.T.);
#1051=CARTESIAN_POINT('',(0.0,-48.7857583695158,46.0));
#1052=DIRECTION('',(0.0,0.0,-1.0));
#1053=DIRECTION('',(-1.0,0.0,0.0));
#1054=ORIENTED_EDGE('',*,*,#1317,.T.);
#1055=ORIENTED_EDGE('',*,*,#1318,.T.);
#1056=CARTESIAN_POINT('',(2.16840434497101E-016,-39.8089877120714,32.1233542789473));
#1057=DIRECTION('',(0.0,0.0,-1.0));
#1058=DIRECTION('',(-1.0,0.0,0.0));
#1059=ORIENTED_EDGE('',*,*,#1319,.T.);
#1060=ORIENTED_EDGE('',*,*,#1313,.F.);
#1061=ORIENTED_EDGE('',*,*,#1320,.F.);
#1062=ORIENTED_EDGE('',*,*,#1237,.F.);
#1063=CARTESIAN_POINT('',(9.0,-61.0357583695158,43.75));
#1064=DIRECTION('',(1.0,0.0,0.0));
#1065=DIRECTION('',(0.0,0.0,-1.0));
#1066=ORIENTED_EDGE('',*,*,#1321,.T.);
#1067=ORIENTED_EDGE('',*,*,#1322,.F.);
#1068=ORIENTED_EDGE('',*,*,#1323,.F.);
#1069=ORIENTED_EDGE('',*,*,#1311,.F.);
#1070=CARTESIAN_POINT('',(2.19359621405602,-36.5357583695158,43.75));
#1071=DIRECTION('',(-1.0,0.0,0.0));
#1072=DIRECTION('',(0.0,0.0,1.0));
#1073=ORIENTED_EDGE('',*,*,#1310,.F.);
#1074=ORIENTED_EDGE('',*,*,#1316,.F.);
#1075=CARTESIAN_POINT('',(0.0,-48.7857583695158,44.25));
#1076=DIRECTION('',(0.0,0.0,1.0));
#1077=DIRECTION('',(1.0,0.0,0.0));
#1078=ORIENTED_EDGE('',*,*,#1315,.F.);
#1079=ORIENTED_EDGE('',*,*,#1309,.F.);
#1080=CARTESIAN_POINT('',(0.0,-48.7857583695158,45.75));
#1081=DIRECTION('',(0.0,0.0,1.0));
#1082=DIRECTION('',(1.0,0.0,0.0));
#1083=ORIENTED_EDGE('',*,*,#1324,.F.);
#1084=ORIENTED_EDGE('',*,*,#1308,.F.);
#1085=ORIENTED_EDGE('',*,*,#1325,.F.);
#1086=ORIENTED_EDGE('',*,*,#1260,.F.);
#1087=CARTESIAN_POINT('',(7.5,-43.5357583695158,46.25));
#1088=DIRECTION('',(-1.0,0.0,0.0));
#1089=DIRECTION('',(0.0,0.0,1.0));
#1090=ORIENTED_EDGE('',*,*,#1325,.T.);
#1091=ORIENTED_EDGE('',*,*,#1307,.F.);
#1092=ORIENTED_EDGE('',*,*,#1326,.F.);
#1093=ORIENTED_EDGE('',*,*,#1269,.F.);
#1094=CARTESIAN_POINT('',(-7.5,-48.7857583695158,46.25));
#1095=DIRECTION('',(0.0,0.0,1.0));
#1096=DIRECTION('',(1.0,0.0,0.0));
#1097=ORIENTED_EDGE('',*,*,#1324,.T.);
#1098=ORIENTED_EDGE('',*,*,#1264,.F.);
#1099=ORIENTED_EDGE('',*,*,#1327,.F.);
#1100=ORIENTED_EDGE('',*,*,#1305,.F.);
#1101=CARTESIAN_POINT('',(7.5,-48.7857583695158,46.25));
#1102=DIRECTION('',(0.0,0.0,1.0));
#1103=DIRECTION('',(1.0,0.0,0.0));
#1104=ORIENTED_EDGE('',*,*,#1326,.T.);
#1105=ORIENTED_EDGE('',*,*,#1306,.F.);
#1106=ORIENTED_EDGE('',*,*,#1327,.T.);
#1107=ORIENTED_EDGE('',*,*,#1267,.F.);
#1108=CARTESIAN_POINT('',(-7.5,-54.0357583695158,46.25));
#1109=DIRECTION('',(1.0,0.0,0.0));
#1110=DIRECTION('',(0.0,0.0,-1.0));
#1111=ORIENTED_EDGE('',*,*,#1317,.F.);
#1112=ORIENTED_EDGE('',*,*,#1328,.F.);
#1113=CARTESIAN_POINT('',(2.16840434497101E-016,-39.8089877120714,12.25));
#1114=DIRECTION('',(0.0,0.0,-1.0));
#1115=DIRECTION('',(-1.0,0.0,0.0));
#1116=ORIENTED_EDGE('',*,*,#1243,.F.);
#1117=ORIENTED_EDGE('',*,*,#1329,.F.);
#1118=CARTESIAN_POINT('',(0.0,-39.8089877120714,12.25));
#1119=DIRECTION('',(0.0,0.0,-1.0));
#1120=DIRECTION('',(-1.0,0.0,0.0));
#1121=ORIENTED_EDGE('',*,*,#1329,.T.);
#1122=ORIENTED_EDGE('',*,*,#1328,.T.);
#1123=CARTESIAN_POINT('',(0.0,-39.8089877120714,12.0));
#1124=DIRECTION('',(0.0,0.0,-1.0));
#1125=DIRECTION('',(1.0,0.0,0.0));
#1126=ORIENTED_EDGE('',*,*,#1330,.F.);
#1127=ORIENTED_EDGE('',*,*,#1331,.F.);
#1128=CARTESIAN_POINT('',(0.0,-48.7857583695158,12.24999999912));
#1129=DIRECTION('',(0.0,0.0,-1.0));
#1130=DIRECTION('',(-1.0,0.0,0.0));
#1131=ORIENTED_EDGE('',*,*,#1302,.F.);
#1132=ORIENTED_EDGE('',*,*,#1332,.F.);
#1133=CARTESIAN_POINT('',(0.0,-48.7857583695158,12.24999999912));
#1134=DIRECTION('',(0.0,0.0,-1.0));
#1135=DIRECTION('',(-1.0,0.0,0.0));
#1136=ORIENTED_EDGE('',*,*,#1333,.F.);
#1137=ORIENTED_EDGE('',*,*,#1287,.F.);
#1138=ORIENTED_EDGE('',*,*,#1289,.F.);
#1139=ORIENTED_EDGE('',*,*,#1334,.F.);
#1140=ORIENTED_EDGE('',*,*,#1293,.T.);
#1141=ORIENTED_EDGE('',*,*,#1239,.F.);
#1142=ORIENTED_EDGE('',*,*,#1290,.T.);
#1143=ORIENTED_EDGE('',*,*,#1283,.F.);
#1144=CARTESIAN_POINT('',(1.38777878078145E-014,-48.7857583695158,24.25));
#1145=DIRECTION('',(0.0,0.0,-1.0));
#1146=DIRECTION('',(-1.0,0.0,0.0));
#1147=ORIENTED_EDGE('',*,*,#1278,.F.);
#1148=ORIENTED_EDGE('',*,*,#1335,.F.);
#1149=CARTESIAN_POINT('',(0.0,-48.7857583695158,23.75));
#1150=DIRECTION('',(0.0,0.0,-1.0));
#1151=DIRECTION('',(-1.0,0.0,0.0));
#1152=ORIENTED_EDGE('',*,*,#1336,.F.);
#1153=ORIENTED_EDGE('',*,*,#1295,.T.);
#1154=ORIENTED_EDGE('',*,*,#1299,.T.);
#1155=ORIENTED_EDGE('',*,*,#1337,.F.);
#1156=ORIENTED_EDGE('',*,*,#1334,.T.);
#1157=ORIENTED_EDGE('',*,*,#1291,.T.);
#1158=ORIENTED_EDGE('',*,*,#1238,.T.);
#1159=ORIENTED_EDGE('',*,*,#1322,.T.);
#1160=CARTESIAN_POINT('',(2.19359621405602,-36.7857583695158,24.0));
#1161=DIRECTION('',(0.0,-1.0,0.0));
#1162=DIRECTION('',(0.0,0.0,-1.0));
#1163=ORIENTED_EDGE('',*,*,#1236,.F.);
#1164=ORIENTED_EDGE('',*,*,#1297,.T.);
#1165=ORIENTED_EDGE('',*,*,#1336,.T.);
#1166=ORIENTED_EDGE('',*,*,#1338,.T.);
#1167=CARTESIAN_POINT('',(-1.7347234759768E-015,-48.7857583695158,24.0));
#1168=DIRECTION('',(0.0,0.0,1.0));
#1169=DIRECTION('',(-1.0,0.0,0.0));
#1170=ORIENTED_EDGE('',*,*,#1330,.T.);
#1171=ORIENTED_EDGE('',*,*,#1335,.T.);
#1172=CARTESIAN_POINT('',(0.0,-48.7857583695158,11.99999999912));
#1173=DIRECTION('',(0.0,0.0,1.0));
#1174=DIRECTION('',(-1.0,0.0,0.0));
#1175=ORIENTED_EDGE('',*,*,#1331,.T.);
#1176=ORIENTED_EDGE('',*,*,#1332,.T.);
#1177=CARTESIAN_POINT('',(0.0,-48.7857583695158,11.99999999912));
#1178=DIRECTION('',(0.0,0.0,-1.0));
#1179=DIRECTION('',(1.0,0.0,0.0));
#1180=ORIENTED_EDGE('',*,*,#1304,.F.);
#1181=ORIENTED_EDGE('',*,*,#1339,.T.);
#1182=CARTESIAN_POINT('',(-1.7347234759768E-015,-45.2857583695158,44.0));
#1183=DIRECTION('',(1.0,4.32978028117748E-017,-4.32978028117746E-017));
#1184=DIRECTION('',(6.12323399573677E-017,-0.707106781186549,0.707106781186546));
#1185=ORIENTED_EDGE('',*,*,#1340,.F.);
#1186=ORIENTED_EDGE('',*,*,#1339,.F.);
#1187=CARTESIAN_POINT('',(-4.77048955893622E-015,-40.8341139779185,34.5986081400969));
#1188=DIRECTION('',(0.0,-0.707106781186549,0.707106781186546));
#1189=DIRECTION('',(0.0,0.707106781186546,0.707106781186549));
#1190=ORIENTED_EDGE('',*,*,#1318,.F.);
#1191=ORIENTED_EDGE('',*,*,#1340,.T.);
#1192=CARTESIAN_POINT('',(2.16840434497101E-016,-43.3089877120714,32.123734405944));
#1193=DIRECTION('',(1.0,-4.32978028117747E-017,4.32978028117747E-017));
#1194=DIRECTION('',(6.12323399573677E-017,0.707106781186547,-0.707106781186548));
#1195=ORIENTED_EDGE('',*,*,#1337,.T.);
#1196=ORIENTED_EDGE('',*,*,#1298,.T.);
#1197=ORIENTED_EDGE('',*,*,#1285,.T.);
#1198=ORIENTED_EDGE('',*,*,#1242,.F.);
#1199=ORIENTED_EDGE('',*,*,#1288,.T.);
#1200=ORIENTED_EDGE('',*,*,#1333,.T.);
#1201=ORIENTED_EDGE('',*,*,#1227,.T.);
#1202=ORIENTED_EDGE('',*,*,#1341,.F.);
#1203=ORIENTED_EDGE('',*,*,#1303,.F.);
#1204=CARTESIAN_POINT('',(0.0,-48.7857583695158,34.1929368866578));
#1205=DIRECTION('',(0.0,0.0,1.0));
#1206=DIRECTION('',(1.0,0.0,0.0));
#1207=ORIENTED_EDGE('',*,*,#1230,.T.);
#1208=ORIENTED_EDGE('',*,*,#1341,.T.);
#1209=ORIENTED_EDGE('',*,*,#1228,.F.);
#1210=CARTESIAN_POINT('',(-3.75,-48.7857583695157,34.1929368866578));
#1211=DIRECTION('',(-4.32978028117746E-017,1.0,4.32978028117748E-017));
#1212=DIRECTION('',(0.707106781186547,6.12323399573677E-017,-0.707106781186548));
#1213=ORIENTED_EDGE('',*,*,#1321,.F.);
#1214=ORIENTED_EDGE('',*,*,#1314,.F.);
#1215=ORIENTED_EDGE('',*,*,#1319,.F.);
#1216=ORIENTED_EDGE('',*,*,#1338,.F.);
#1217=CARTESIAN_POINT('',(-1.7347234759768E-015,-48.7857583695158,43.75));
#1218=DIRECTION('',(0.0,0.0,1.0));
#1219=DIRECTION('',(1.0,0.0,0.0));
#1220=ORIENTED_EDGE('',*,*,#1320,.T.);
#1221=ORIENTED_EDGE('',*,*,#1312,.F.);
#1222=ORIENTED_EDGE('',*,*,#1323,.T.);
#1223=ORIENTED_EDGE('',*,*,#1240,.F.);
#1224=CARTESIAN_POINT('',(1.38777878078145E-014,-48.7857583695158,43.75));
#1225=DIRECTION('',(0.0,0.0,1.0));
#1226=DIRECTION('',(1.0,0.0,0.0));
#1227=EDGE_CURVE('',#1342,#1343,#1344,.T.);
#1228=EDGE_CURVE('',#1342,#1343,#1345,.F.);
#1229=EDGE_CURVE('',#1346,#1346,#1347,.F.);
#1230=EDGE_CURVE('',#1348,#1348,#1349,.T.);
#1231=EDGE_CURVE('',#1350,#1350,#1351,.T.);
#1232=EDGE_CURVE('',#1352,#1352,#1353,.T.);
#1233=EDGE_CURVE('',#1354,#1354,#1355,.F.);
#1234=EDGE_CURVE('',#1356,#1357,#1358,.T.);
#1235=EDGE_CURVE('',#1356,#1359,#1360,.F.);
#1236=EDGE_CURVE('',#1359,#1361,#1362,.T.);
#1237=EDGE_CURVE('',#1361,#1357,#1363,.T.);
#1238=EDGE_CURVE('',#1364,#1365,#1366,.T.);
#1239=EDGE_CURVE('',#1364,#1356,#1367,.F.);
#1240=EDGE_CURVE('',#1357,#1365,#1368,.F.);
#1241=EDGE_CURVE('',#1369,#1370,#1371,.T.);
#1242=EDGE_CURVE('',#1370,#1369,#1372,.T.);
#1243=EDGE_CURVE('',#1373,#1373,#1374,.F.);
#1244=EDGE_CURVE('',#1375,#1375,#1376,.T.);
#1245=EDGE_CURVE('',#1377,#1377,#1378,.T.);
#1246=EDGE_CURVE('',#1379,#1379,#1380,.F.);
#1247=EDGE_CURVE('',#1381,#1381,#1382,.T.);
#1248=EDGE_CURVE('',#1383,#1383,#1384,.T.);
#1249=EDGE_CURVE('',#1385,#1385,#1386,.T.);
#1250=EDGE_CURVE('',#1387,#1387,#1388,.F.);
#1251=EDGE_CURVE('',#1389,#1389,#1390,.T.);
#1252=EDGE_CURVE('',#1391,#1392,#1393,.T.);
#1253=EDGE_CURVE('',#1392,#1394,#1395,.T.);
#1254=EDGE_CURVE('',#1394,#1396,#1397,.T.);
#1255=EDGE_CURVE('',#1396,#1391,#1398,.T.);
#1256=EDGE_CURVE('',#1399,#1399,#1400,.F.);
#1257=EDGE_CURVE('',#1401,#1401,#1402,.F.);
#1258=EDGE_CURVE('',#1403,#1403,#1404,.F.);
#1259=EDGE_CURVE('',#1405,#1406,#1407,.T.);
#1260=EDGE_CURVE('',#1406,#1408,#1409,.T.);
#1261=EDGE_CURVE('',#1410,#1408,#1411,.T.);
#1262=EDGE_CURVE('',#1410,#1405,#1412,.F.);
#1263=EDGE_CURVE('',#1413,#1414,#1415,.T.);
#1264=EDGE_CURVE('',#1414,#1406,#1416,.T.);
#1265=EDGE_CURVE('',#1405,#1413,#1417,.F.);
#1266=EDGE_CURVE('',#1418,#1419,#1420,.T.);
#1267=EDGE_CURVE('',#1419,#1414,#1421,.T.);
#1268=EDGE_CURVE('',#1413,#1418,#1422,.F.);
#1269=EDGE_CURVE('',#1408,#1419,#1423,.T.);
#1270=EDGE_CURVE('',#1418,#1410,#1424,.F.);
#1271=EDGE_CURVE('',#1425,#1425,#1426,.T.);
#1272=EDGE_CURVE('',#1427,#1427,#1428,.F.);
#1273=EDGE_CURVE('',#1429,#1429,#1430,.T.);
#1274=EDGE_CURVE('',#1392,#1405,#1431,.T.);
#1275=EDGE_CURVE('',#1410,#1394,#1432,.T.);
#1276=EDGE_CURVE('',#1418,#1396,#1433,.T.);
#1277=EDGE_CURVE('',#1391,#1413,#1434,.T.);
#1278=EDGE_CURVE('',#1435,#1435,#1436,.F.);
#1279=EDGE_CURVE('',#1437,#1438,#1439,.F.);
#1280=EDGE_CURVE('',#1438,#1440,#1441,.T.);
#1281=EDGE_CURVE('',#1440,#1442,#1443,.T.);
#1282=EDGE_CURVE('',#1442,#1444,#1445,.T.);
#1283=EDGE_CURVE('',#1444,#1446,#1447,.T.);
#1284=EDGE_CURVE('',#1446,#1437,#1448,.T.);
#1285=EDGE_CURVE('',#1449,#1369,#1450,.T.);
#1286=EDGE_CURVE('',#1449,#1438,#1451,.T.);
#1287=EDGE_CURVE('',#1437,#1452,#1453,.T.);
#1288=EDGE_CURVE('',#1370,#1452,#1454,.T.);
#1289=EDGE_CURVE('',#1455,#1437,#1456,.T.);
#1290=EDGE_CURVE('',#1364,#1446,#1457,.T.);
#1291=EDGE_CURVE('',#1455,#1364,#1458,.F.);
#1292=EDGE_CURVE('',#1442,#1359,#1459,.F.);
#1293=EDGE_CURVE('',#1444,#1356,#1460,.F.);
#1294=EDGE_CURVE('',#1438,#1461,#1462,.T.);
#1295=EDGE_CURVE('',#1463,#1461,#1464,.F.);
#1296=EDGE_CURVE('',#1440,#1463,#1465,.F.);
#1297=EDGE_CURVE('',#1359,#1463,#1466,.F.);
#1298=EDGE_CURVE('',#1467,#1449,#1468,.T.);
#1299=EDGE_CURVE('',#1461,#1467,#1469,.T.);
#1300=EDGE_CURVE('',#1470,#1470,#1471,.T.);
#1301=EDGE_CURVE('',#1472,#1472,#1473,.T.);
#1302=EDGE_CURVE('',#1474,#1474,#1475,.T.);
#1303=EDGE_CURVE('',#1476,#1476,#1477,.T.);
#1304=EDGE_CURVE('',#1478,#1478,#1479,.T.);
#1305=EDGE_CURVE('',#1480,#1481,#1482,.F.);
#1306=EDGE_CURVE('',#1481,#1483,#1484,.F.);
#1307=EDGE_CURVE('',#1483,#1485,#1486,.F.);
#1308=EDGE_CURVE('',#1485,#1480,#1487,.F.);
#1309=EDGE_CURVE('',#1488,#1488,#1489,.T.);
#1310=EDGE_CURVE('',#1490,#1490,#1491,.F.);
#1311=EDGE_CURVE('',#1492,#1493,#1494,.F.);
#1312=EDGE_CURVE('',#1493,#1495,#1496,.T.);
#1313=EDGE_CURVE('',#1495,#1497,#1498,.F.);
#1314=EDGE_CURVE('',#1497,#1492,#1499,.T.);
#1315=EDGE_CURVE('',#1500,#1500,#1501,.F.);
#1316=EDGE_CURVE('',#1502,#1502,#1503,.T.);
#1317=EDGE_CURVE('',#1504,#1504,#1505,.T.);
#1318=EDGE_CURVE('',#1506,#1506,#1507,.F.);
#1319=EDGE_CURVE('',#1361,#1497,#1508,.T.);
#1320=EDGE_CURVE('',#1357,#1495,#1509,.T.);
#1321=EDGE_CURVE('',#1492,#1510,#1511,.F.);
#1322=EDGE_CURVE('',#1365,#1510,#1512,.T.);
#1323=EDGE_CURVE('',#1493,#1365,#1513,.F.);
#1324=EDGE_CURVE('',#1480,#1406,#1514,.T.);
#1325=EDGE_CURVE('',#1408,#1485,#1515,.T.);
#1326=EDGE_CURVE('',#1419,#1483,#1516,.T.);
#1327=EDGE_CURVE('',#1481,#1414,#1517,.T.);
#1328=EDGE_CURVE('',#1518,#1518,#1519,.F.);
#1329=EDGE_CURVE('',#1520,#1520,#1521,.T.);
#1330=EDGE_CURVE('',#1522,#1522,#1523,.F.);
#1331=EDGE_CURVE('',#1524,#1524,#1525,.T.);
#1332=EDGE_CURVE('',#1526,#1526,#1527,.F.);
#1333=EDGE_CURVE('',#1452,#1528,#1529,.F.);
#1334=EDGE_CURVE('',#1528,#1455,#1530,.T.);
#1335=EDGE_CURVE('',#1531,#1531,#1532,.T.);
#1336=EDGE_CURVE('',#1463,#1510,#1533,.T.);
#1337=EDGE_CURVE('',#1528,#1467,#1534,.T.);
#1338=EDGE_CURVE('',#1510,#1361,#1535,.F.);
#1339=EDGE_CURVE('',#1536,#1536,#1537,.T.);
#1340=EDGE_CURVE('',#1538,#1538,#1539,.T.);
#1341=EDGE_CURVE('',#1342,#1343,#1540,.T.);
#1342=VERTEX_POINT('',#1541);
#1343=VERTEX_POINT('',#1542);
#1344=CIRCLE('',#1543,1.25);
#1345=B_SPLINE_CURVE_WITH_KNOTS('',3,(#1544,#1545,#1546,#1547,#1548,#1549,#1550,#1551,#1552,#1553,#1554,#1555,#1556,#1557,#1558,#1559,#1560,#1561,#1562,#1563,#1564,#1565,#1566,#1567,#1568,#1569),.UNSPECIFIED.,.F.,.F.,(4,2,2,2,2,2,2,2,2,2,2,2,4),(-8.66025403793301E-005,0.000879770944005793,0.00184614442839092,0.00232933117058348,0.00281251791277604,0.0032957046549686,0.00377889139716116,0.00426207813935372,0.00474526488154628,0.00522845162373885,0.00571163836593141,0.00667801185031653,0.00764438533470166),.UNSPECIFIED.);
#1346=VERTEX_POINT('',#1570);
#1347=B_SPLINE_CURVE_WITH_KNOTS('',3,(#1571,#1572,#1573,#1574,#1575,#1576,#1577,#1578,#1579,#1580,#1581,#1582,#1583,#1584,#1585,#1586,#1587,#1588,#1589,#1590,#1591,#1592,#1593,#1594,#1595,#1596,#1597,#1598,#1599,#1600,#1601,#1602,#1603,#1604),.UNSPECIFIED.,.T.,.F.,(2,2,2,2,2,2,2,2,2,2,2,2,2,2,2,2,2,2,2),(-0.0625,0.0,0.0625,0.125,0.1875,0.25,0.3125,0.375,0.4375,0.5,0.5625,0.625,0.6875,0.75,0.8125,0.875,0.9375,1.0,1.0625),.UNSPECIFIED.);
#1348=VERTEX_POINT('',#1605);
#1349=B_SPLINE_CURVE_WITH_KNOTS('',3,(#1606,#1607,#1608,#1609,#1610,#1611,#1612,#1613,#1614,#1615,#1616,#1617,#1618,#1619,#1620,#1621,#1622,#1623,#1624,#1625,#1626,#1627,#1628,#1629,#1630,#1631,#1632,#1633,#1634,#1635,#1636,#1637,#1638,#1639),.UNSPECIFIED.,.T.,.F.,(2,2,2,2,2,2,2,2,2,2,2,2,2,2,2,2,2,2,2),(-0.0625,0.0,0.0625,0.125,0.1875,0.25,0.3125,0.375,0.4375,0.5,0.5625,0.625,0.6875,0.75,0.8125,0.875,0.9375,1.0,1.0625),.UNSPECIFIED.);
#1350=VERTEX_POINT('',#1640);
#1351=CIRCLE('',#1641,1.25);
#1352=VERTEX_POINT('',#1642);
#1353=CIRCLE('',#1643,1.25);
#1354=VERTEX_POINT('',#1644);
#1355=CIRCLE('',#1645,1.25);
#1356=VERTEX_POINT('',#1646);
#1357=VERTEX_POINT('',#1647);
#1358=LINE('',#1648,#1649);
#1359=VERTEX_POINT('',#1650);
#1360=LINE('',#1651,#1652);
#1361=VERTEX_POINT('',#1653);
#1362=LINE('',#1654,#1655);
#1363=LINE('',#1656,#1657);
#1364=VERTEX_POINT('',#1658);
#1365=VERTEX_POINT('',#1659);
#1366=LINE('',#1660,#1661);
#1367=CIRCLE('',#1662,15.0);
#1368=CIRCLE('',#1663,15.0);
#1369=VERTEX_POINT('',#1664);
#1370=VERTEX_POINT('',#1665);
#1371=CIRCLE('',#1666,3.0);
#1372=B_SPLINE_CURVE_WITH_KNOTS('',3,(#1667,#1668,#1669,#1670,#1671,#1672,#1673,#1674,#1675,#1676,#1677,#1678),.UNSPECIFIED.,.F.,.F.,(4,2,2,2,2,4),(0.0,0.000565505003492323,0.00113101000698465,0.00141376250873081,0.00169651501047697,0.00226202001396929),.UNSPECIFIED.);
#1373=VERTEX_POINT('',#1679);
#1374=CIRCLE('',#1680,3.0);
#1375=VERTEX_POINT('',#1681);
#1376=CIRCLE('',#1682,1.25);
#1377=VERTEX_POINT('',#1683);
#1378=CIRCLE('',#1684,1.75);
#1379=VERTEX_POINT('',#1685);
#1380=CIRCLE('',#1686,2.0);
#1381=VERTEX_POINT('',#1687);
#1382=CIRCLE('',#1688,2.0);
#1383=VERTEX_POINT('',#1689);
#1384=CIRCLE('',#1690,1.5);
#1385=VERTEX_POINT('',#1691);
#1386=CIRCLE('',#1692,2.75);
#1387=VERTEX_POINT('',#1693);
#1388=CIRCLE('',#1694,3.0);
#1389=VERTEX_POINT('',#1695);
#1390=CIRCLE('',#1696,3.0);
#1391=VERTEX_POINT('',#1697);
#1392=VERTEX_POINT('',#1698);
#1393=CIRCLE('',#1699,4.75);
#1394=VERTEX_POINT('',#1700);
#1395=LINE('',#1701,#1702);
#1396=VERTEX_POINT('',#1703);
#1397=CIRCLE('',#1704,4.75);
#1398=LINE('',#1705,#1706);
#1399=VERTEX_POINT('',#1707);
#1400=CIRCLE('',#1708,2.25);
#1401=VERTEX_POINT('',#1709);
#1402=CIRCLE('',#1710,3.25);
#1403=VERTEX_POINT('',#1711);
#1404=CIRCLE('',#1712,2.25);
#1405=VERTEX_POINT('',#1713);
#1406=VERTEX_POINT('',#1714);
#1407=LINE('',#1715,#1716);
#1408=VERTEX_POINT('',#1717);
#1409=LINE('',#1718,#1719);
#1410=VERTEX_POINT('',#1720);
#1411=LINE('',#1721,#1722);
#1412=LINE('',#1723,#1724);
#1413=VERTEX_POINT('',#1725);
#1414=VERTEX_POINT('',#1726);
#1415=LINE('',#1727,#1728);
#1416=CIRCLE('',#1729,5.0);
#1417=CIRCLE('',#1730,5.0);
#1418=VERTEX_POINT('',#1731);
#1419=VERTEX_POINT('',#1732);
#1420=LINE('',#1733,#1734);
#1421=LINE('',#1735,#1736);
#1422=LINE('',#1737,#1738);
#1423=CIRCLE('',#1739,5.0);
#1424=CIRCLE('',#1740,5.0);
#1425=VERTEX_POINT('',#1741);
#1426=CIRCLE('',#1742,1.75);
#1427=VERTEX_POINT('',#1743);
#1428=CIRCLE('',#1744,2.0);
#1429=VERTEX_POINT('',#1745);
#1430=CIRCLE('',#1746,2.0);
#1431=CIRCLE('',#1747,0.25);
#1432=CIRCLE('',#1748,0.25);
#1433=CIRCLE('',#1749,0.25);
#1434=CIRCLE('',#1750,0.25);
#1435=VERTEX_POINT('',#1751);
#1436=CIRCLE('',#1752,3.25);
#1437=VERTEX_POINT('',#1753);
#1438=VERTEX_POINT('',#1754);
#1439=CIRCLE('',#1755,3.25);
#1440=VERTEX_POINT('',#1756);
#1441=LINE('',#1757,#1758);
#1442=VERTEX_POINT('',#1759);
#1443=CIRCLE('',#1760,14.75);
#1444=VERTEX_POINT('',#1761);
#1445=LINE('',#1762,#1763);
#1446=VERTEX_POINT('',#1764);
#1447=CIRCLE('',#1765,14.75);
#1448=LINE('',#1766,#1767);
#1449=VERTEX_POINT('',#1768);
#1450=CIRCLE('',#1769,0.25);
#1451=B_SPLINE_CURVE_WITH_KNOTS('',3,(#1770,#1771,#1772,#1773),.UNSPECIFIED.,.F.,.F.,(4,4),(0.0,0.000566585465614379),.UNSPECIFIED.);
#1452=VERTEX_POINT('',#1774);
#1453=B_SPLINE_CURVE_WITH_KNOTS('',3,(#1775,#1776,#1777,#1778),.UNSPECIFIED.,.F.,.F.,(4,4),(0.0,0.000566563878547138),.UNSPECIFIED.);
#1454=CIRCLE('',#1779,0.25);
#1455=VERTEX_POINT('',#1780);
#1456=CIRCLE('',#1781,0.25);
#1457=B_SPLINE_CURVE_WITH_KNOTS('',3,(#1782,#1783,#1784,#1785,#1786,#1787),.UNSPECIFIED.,.F.,.F.,(4,2,4),(0.0,0.000200646262104057,0.000401292524208114),.UNSPECIFIED.);
#1458=LINE('',#1788,#1789);
#1459=B_SPLINE_CURVE_WITH_KNOTS('',3,(#1790,#1791,#1792,#1793,#1794,#1795),.UNSPECIFIED.,.F.,.F.,(4,2,4),(0.0,0.000200646262104037,0.000401292524208073),.UNSPECIFIED.);
#1460=B_SPLINE_CURVE_WITH_KNOTS('',3,(#1796,#1797,#1798,#1799,#1800,#1801),.UNSPECIFIED.,.F.,.F.,(4,2,4),(0.0,0.000200646262104038,0.000401292524208075),.UNSPECIFIED.);
#1461=VERTEX_POINT('',#1802);
#1462=CIRCLE('',#1803,0.25);
#1463=VERTEX_POINT('',#1804);
#1464=LINE('',#1805,#1806);
#1465=B_SPLINE_CURVE_WITH_KNOTS('',3,(#1807,#1808,#1809,#1810,#1811,#1812),.UNSPECIFIED.,.F.,.F.,(4,2,4),(0.0,0.000200646262104054,0.000401292524208109),.UNSPECIFIED.);
#1466=CIRCLE('',#1813,15.0);
#1467=VERTEX_POINT('',#1814);
#1468=B_SPLINE_CURVE_WITH_KNOTS('',3,(#1815,#1816,#1817,#1818,#1819,#1820),.UNSPECIFIED.,.F.,.F.,(4,2,4),(0.0,0.000334642406101396,0.000669284812202791),.UNSPECIFIED.);
#1469=B_SPLINE_CURVE_WITH_KNOTS('',3,(#1821,#1822,#1823,#1824),.UNSPECIFIED.,.F.,.F.,(4,4),(0.0,0.00122559472915486),.UNSPECIFIED.);
#1470=VERTEX_POINT('',#1825);
#1471=CIRCLE('',#1826,1.25);
#1472=VERTEX_POINT('',#1827);
#1473=CIRCLE('',#1828,1.25);
#1474=VERTEX_POINT('',#1829);
#1475=CIRCLE('',#1830,1.75);
#1476=VERTEX_POINT('',#1831);
#1477=CIRCLE('',#1832,1.75);
#1478=VERTEX_POINT('',#1833);
#1479=CIRCLE('',#1834,1.5);
#1480=VERTEX_POINT('',#1835);
#1481=VERTEX_POINT('',#1836);
#1482=CIRCLE('',#1837,5.25);
#1483=VERTEX_POINT('',#1838);
#1484=LINE('',#1839,#1840);
#1485=VERTEX_POINT('',#1841);
#1486=CIRCLE('',#1842,5.25);
#1487=LINE('',#1843,#1844);
#1488=VERTEX_POINT('',#1845);
#1489=CIRCLE('',#1846,19.75);
#1490=VERTEX_POINT('',#1847);
#1491=CIRCLE('',#1848,19.75);
#1492=VERTEX_POINT('',#1849);
#1493=VERTEX_POINT('',#1850);
#1494=LINE('',#1851,#1852);
#1495=VERTEX_POINT('',#1853);
#1496=CIRCLE('',#1854,15.25);
#1497=VERTEX_POINT('',#1855);
#1498=LINE('',#1856,#1857);
#1499=CIRCLE('',#1858,15.25);
#1500=VERTEX_POINT('',#1859);
#1501=CIRCLE('',#1860,20.0);
#1502=VERTEX_POINT('',#1861);
#1503=CIRCLE('',#1862,20.0);
#1504=VERTEX_POINT('',#1863);
#1505=CIRCLE('',#1864,1.5);
#1506=VERTEX_POINT('',#1865);
#1507=B_SPLINE_CURVE_WITH_KNOTS('',3,(#1866,#1867,#1868,#1869,#1870,#1871,#1872,#1873,#1874,#1875,#1876,#1877,#1878,#1879,#1880,#1881,#1882,#1883,#1884,#1885,#1886,#1887,#1888,#1889,#1890,#1891,#1892,#1893,#1894,#1895,#1896,#1897,#1898,#1899),.UNSPECIFIED.,.T.,.F.,(2,2,2,2,2,2,2,2,2,2,2,2,2,2,2,2,2,2,2),(-0.0625,0.0,0.0625,0.125,0.1875,0.25,0.3125,0.375,0.4375,0.5,0.5625,0.625,0.6875,0.75,0.8125,0.875,0.9375,1.0,1.0625),.UNSPECIFIED.);
#1508=B_SPLINE_CURVE_WITH_KNOTS('',3,(#1900,#1901,#1902,#1903,#1904,#1905),.UNSPECIFIED.,.F.,.F.,(4,2,4),(0.0,0.000200534996119308,0.000401069992238615),.UNSPECIFIED.);
#1509=B_SPLINE_CURVE_WITH_KNOTS('',3,(#1906,#1907,#1908,#1909,#1910,#1911),.UNSPECIFIED.,.F.,.F.,(4,2,4),(0.0,0.000200534996119306,0.000401069992238613),.UNSPECIFIED.);
#1510=VERTEX_POINT('',#1912);
#1511=B_SPLINE_CURVE_WITH_KNOTS('',3,(#1913,#1914,#1915,#1916,#1917,#1918),.UNSPECIFIED.,.F.,.F.,(4,2,4),(0.0,0.000200534996119308,0.000401069992238617),.UNSPECIFIED.);
#1512=LINE('',#1919,#1920);
#1513=B_SPLINE_CURVE_WITH_KNOTS('',3,(#1921,#1922,#1923,#1924,#1925,#1926),.UNSPECIFIED.,.F.,.F.,(4,2,4),(0.0,0.000200534996119307,0.000401069992238614),.UNSPECIFIED.);
#1514=CIRCLE('',#1927,0.25);
#1515=CIRCLE('',#1928,0.25);
#1516=CIRCLE('',#1929,0.25);
#1517=CIRCLE('',#1930,0.25);
#1518=VERTEX_POINT('',#1931);
#1519=CIRCLE('',#1932,1.75);
#1520=VERTEX_POINT('',#1933);
#1521=CIRCLE('',#1934,2.75);
#1522=VERTEX_POINT('',#1935);
#1523=CIRCLE('',#1936,3.0);
#1524=VERTEX_POINT('',#1937);
#1525=CIRCLE('',#1938,2.75);
#1526=VERTEX_POINT('',#1939);
#1527=CIRCLE('',#1940,2.0);
#1528=VERTEX_POINT('',#1941);
#1529=B_SPLINE_CURVE_WITH_KNOTS('',3,(#1942,#1943,#1944,#1945,#1946,#1947),.UNSPECIFIED.,.F.,.F.,(4,2,4),(0.0,0.000333953862582312,0.000667907725164624),.UNSPECIFIED.);
#1530=B_SPLINE_CURVE_WITH_KNOTS('',3,(#1948,#1949,#1950,#1951),.UNSPECIFIED.,.F.,.F.,(4,4),(0.0,0.0012330948222661),.UNSPECIFIED.);
#1531=VERTEX_POINT('',#1952);
#1532=CIRCLE('',#1953,3.0);
#1533=LINE('',#1954,#1955);
#1534=LINE('',#1956,#1957);
#1535=CIRCLE('',#1958,15.0);
#1536=VERTEX_POINT('',#1959);
#1537=CIRCLE('',#1960,1.5);
#1538=VERTEX_POINT('',#1961);
#1539=CIRCLE('',#1962,1.5);
#1540=CIRCLE('',#1963,1.25);
#1541=CARTESIAN_POINT('',(-1.30104260698252E-015,-50.0357583695158,34.1929368866578));
#1542=CARTESIAN_POINT('',(-1.30104260698263E-015,-47.5357583695158,34.1929368866578));
#1543=AXIS2_PLACEMENT_3D('',#1964,#1965,#1966);
#1544=CARTESIAN_POINT('',(-1.3010426069826E-015,-47.5357583695158,34.1929368866578));
#1545=CARTESIAN_POINT('',(1.13465145946944E-010,-47.5357583695158,34.5150613814563));
#1546=CARTESIAN_POINT('',(8.93410267817814E-013,-47.5338594543525,34.8381279006524));
#1547=CARTESIAN_POINT('',(1.95321842394025E-013,-47.5497430969586,35.4824738427749));
#1548=CARTESIAN_POINT('',(1.93491812287915E-013,-47.5675883781549,35.8041037217198));
#1549=CARTESIAN_POINT('',(1.21629078301834E-013,-47.6560709477843,36.2831641937515));
#1550=CARTESIAN_POINT('',(1.04575746390493E-013,-47.6960637480736,36.4409873468569));
#1551=CARTESIAN_POINT('',(7.70023035044905E-014,-47.8070527981173,36.744304746245));
#1552=CARTESIAN_POINT('',(6.61913437410052E-014,-47.8793686214053,36.892667228798));
#1553=CARTESIAN_POINT('',(4.58828798423729E-014,-48.0659484370629,37.1577988133301));
#1554=CARTESIAN_POINT('',(3.63016452576144E-014,-48.182446988027,37.2769301511443));
#1555=CARTESIAN_POINT('',(1.8122478067552E-014,-48.4584021738529,37.4483892173299));
#1556=CARTESIAN_POINT('',(9.21592507974793E-015,-48.6211905318451,37.4996949712065));
#1557=CARTESIAN_POINT('',(-8.81271515291881E-015,-48.9459660580374,37.5005513314089));
#1558=CARTESIAN_POINT('',(-1.84625990507635E-014,-49.1073364356,37.4510729030717));
#1559=CARTESIAN_POINT('',(-3.68843663896334E-014,-49.3869393304565,37.2791349770624));
#1560=CARTESIAN_POINT('',(-4.54479700396083E-014,-49.5026758944478,37.1610919725262));
#1561=CARTESIAN_POINT('',(-6.57298188029641E-014,-49.6900794229775,36.8964024655578));
#1562=CARTESIAN_POINT('',(-7.68338046259237E-014,-49.7620610295979,36.7498372187989));
#1563=CARTESIAN_POINT('',(-1.04521270736981E-013,-49.8744067106223,36.4448496849493));
#1564=CARTESIAN_POINT('',(-1.20473352315423E-013,-49.914117887747,36.2886631663437));
#1565=CARTESIAN_POINT('',(-1.9091362637281E-013,-50.0028383210763,35.8132812125543));
#1566=CARTESIAN_POINT('',(-1.93535237687338E-013,-50.0215624982397,35.4875117961576));
#1567=CARTESIAN_POINT('',(-8.86735704463634E-013,-50.0376913541971,34.8402345790949));
#1568=CARTESIAN_POINT('',(-1.13359260716482E-010,-50.0357583695158,34.5150613814563));
#1569=CARTESIAN_POINT('',(-1.3010426069826E-015,-50.0357583695158,34.1929368866578));
#1570=CARTESIAN_POINT('',(0.21446609406726,-48.7857583695158,37.7284707925906));
#1571=CARTESIAN_POINT('',(0.214466094067254,-48.9493829868903,37.7284707925906));
#1572=CARTESIAN_POINT('',(0.214466094067254,-48.6221337521413,37.7284707925906));
#1573=CARTESIAN_POINT('',(0.237471215097216,-48.4585735140667,37.7054656715606));
#1574=CARTESIAN_POINT('',(0.326024219908192,-48.1562346440522,37.6169126667496));
#1575=CARTESIAN_POINT('',(0.391537261863206,-48.0175749695472,37.5513996247946));
#1576=CARTESIAN_POINT('',(0.555161879237674,-47.786174816518,37.3877750074201));
#1577=CARTESIAN_POINT('',(0.653209075357294,-47.693525384073,37.2897278113005));
#1578=CARTESIAN_POINT('',(0.866994940560841,-47.5682925236804,37.075941946097));
#1579=CARTESIAN_POINT('',(0.982649494035902,-47.5357583695158,36.9602873926219));
#1580=CARTESIAN_POINT('',(1.21404964706498,-47.5357583695158,36.7288872395928));
#1581=CARTESIAN_POINT('',(1.32970420054004,-47.5682925236804,36.6132326861178));
#1582=CARTESIAN_POINT('',(1.54349006574359,-47.693525384073,36.3994468209142));
#1583=CARTESIAN_POINT('',(1.64153726186321,-47.7861748165181,36.3013996247946));
#1584=CARTESIAN_POINT('',(1.80516187923768,-48.0175749695472,36.1377750074202));
#1585=CARTESIAN_POINT('',(1.87067492119269,-48.1562346440522,36.0722619654651));
#1586=CARTESIAN_POINT('',(1.95922792600367,-48.4585735140667,35.9837089606542));
#1587=CARTESIAN_POINT('',(1.98223304703363,-48.6221337521413,35.9607038396242));
#1588=CARTESIAN_POINT('',(1.98223304703363,-48.9493829868903,35.9607038396242));
#1589=CARTESIAN_POINT('',(1.95922792600366,-49.1129432249649,35.9837089606542));
#1590=CARTESIAN_POINT('',(1.87067492119269,-49.4152820949794,36.0722619654651));
#1591=CARTESIAN_POINT('',(1.80516187923768,-49.5539417694844,36.1377750074202));
#1592=CARTESIAN_POINT('',(1.64153726186321,-49.7853419225135,36.3013996247946));
#1593=CARTESIAN_POINT('',(1.54349006574359,-49.8779913549586,36.3994468209143));
#1594=CARTESIAN_POINT('',(1.32970420054004,-50.0032242153512,36.6132326861178));
#1595=CARTESIAN_POINT('',(1.21404964706498,-50.0357583695158,36.7288872395929));
#1596=CARTESIAN_POINT('',(0.982649494035897,-50.0357583695158,36.9602873926219));
#1597=CARTESIAN_POINT('',(0.866994940560838,-50.0032242153512,37.075941946097));
#1598=CARTESIAN_POINT('',(0.653209075357289,-49.8779913549586,37.2897278113005));
#1599=CARTESIAN_POINT('',(0.555161879237671,-49.7853419225135,37.3877750074202));
#1600=CARTESIAN_POINT('',(0.391537261863203,-49.5539417694845,37.5513996247946));
#1601=CARTESIAN_POINT('',(0.32602421990819,-49.4152820949794,37.6169126667496));
#1602=CARTESIAN_POINT('',(0.237471215097215,-49.1129432249649,37.7054656715606));
#1603=CARTESIAN_POINT('',(0.214466094067254,-48.9493829868903,37.7284707925906));
#1604=CARTESIAN_POINT('',(0.214466094067254,-48.6221337521413,37.7284707925906));
#1605=CARTESIAN_POINT('',(-0.214466094067255,-48.7857583695157,37.7284707925906));
#1606=CARTESIAN_POINT('',(-0.214466094067255,-48.9493829868902,37.7284707925906));
#1607=CARTESIAN_POINT('',(-0.214466094067255,-48.6221337521412,37.7284707925906));
#1608=CARTESIAN_POINT('',(-0.237471215097217,-48.4585735140666,37.7054656715606));
#1609=CARTESIAN_POINT('',(-0.326024219908193,-48.1562346440521,37.6169126667496));
#1610=CARTESIAN_POINT('',(-0.391537261863206,-48.017574969547,37.5513996247946));
#1611=CARTESIAN_POINT('',(-0.555161879237675,-47.786174816518,37.3877750074201));
#1612=CARTESIAN_POINT('',(-0.653209075357295,-47.6935253840729,37.2897278113005));
#1613=CARTESIAN_POINT('',(-0.866994940560843,-47.5682925236803,37.075941946097));
#1614=CARTESIAN_POINT('',(-0.982649494035902,-47.5357583695157,36.9602873926219));
#1615=CARTESIAN_POINT('',(-1.21404964706498,-47.5357583695157,36.7288872395928));
#1616=CARTESIAN_POINT('',(-1.32970420054004,-47.5682925236803,36.6132326861178));
#1617=CARTESIAN_POINT('',(-1.54349006574359,-47.6935253840729,36.3994468209142));
#1618=CARTESIAN_POINT('',(-1.64153726186321,-47.786174816518,36.3013996247946));
#1619=CARTESIAN_POINT('',(-1.80516187923768,-48.0175749695471,36.1377750074202));
#1620=CARTESIAN_POINT('',(-1.87067492119269,-48.1562346440521,36.0722619654652));
#1621=CARTESIAN_POINT('',(-1.95922792600367,-48.4585735140666,35.9837089606542));
#1622=CARTESIAN_POINT('',(-1.98223304703363,-48.6221337521412,35.9607038396242));
#1623=CARTESIAN_POINT('',(-1.98223304703363,-48.9493829868902,35.9607038396242));
#1624=CARTESIAN_POINT('',(-1.95922792600367,-49.1129432249648,35.9837089606542));
#1625=CARTESIAN_POINT('',(-1.87067492119269,-49.4152820949793,36.0722619654651));
#1626=CARTESIAN_POINT('',(-1.80516187923768,-49.5539417694844,36.1377750074202));
#1627=CARTESIAN_POINT('',(-1.64153726186321,-49.7853419225134,36.3013996247946));
#1628=CARTESIAN_POINT('',(-1.54349006574359,-49.8779913549585,36.3994468209143));
#1629=CARTESIAN_POINT('',(-1.32970420054004,-50.0032242153511,36.6132326861178));
#1630=CARTESIAN_POINT('',(-1.21404964706498,-50.0357583695157,36.7288872395929));
#1631=CARTESIAN_POINT('',(-0.982649494035897,-50.0357583695157,36.960287392622));
#1632=CARTESIAN_POINT('',(-0.866994940560839,-50.0032242153511,37.075941946097));
#1633=CARTESIAN_POINT('',(-0.65320907535729,-49.8779913549585,37.2897278113005));
#1634=CARTESIAN_POINT('',(-0.555161879237672,-49.7853419225134,37.3877750074202));
#1635=CARTESIAN_POINT('',(-0.391537261863204,-49.5539417694843,37.5513996247946));
#1636=CARTESIAN_POINT('',(-0.326024219908191,-49.4152820949793,37.6169126667496));
#1637=CARTESIAN_POINT('',(-0.237471215097216,-49.1129432249648,37.7054656715606));
#1638=CARTESIAN_POINT('',(-0.214466094067255,-48.9493829868902,37.7284707925906));
#1639=CARTESIAN_POINT('',(-0.214466094067255,-48.6221337521412,37.7284707925906));
#1640=CARTESIAN_POINT('',(-5.78553390593274,-48.7857583695158,39.7637607312126));
#1641=AXIS2_PLACEMENT_3D('',#1967,#1968,#1969);
#1642=CARTESIAN_POINT('',(-7.25,-48.7857583695158,43.2992946371454));
#1643=AXIS2_PLACEMENT_3D('',#1970,#1971,#1972);
#1644=CARTESIAN_POINT('',(-4.75,-48.7857583695158,62.6575934839203));
#1645=AXIS2_PLACEMENT_3D('',#1973,#1974,#1975);
#1646=CARTESIAN_POINT('',(-9.0,-60.7857583695158,24.25));
#1647=CARTESIAN_POINT('',(-9.0,-60.7857583695158,43.75));
#1648=CARTESIAN_POINT('',(-9.0,-60.7857583695158,24.0));
#1649=VECTOR('',#1976,1.0);
#1650=CARTESIAN_POINT('',(9.0,-60.7857583695158,24.25));
#1651=CARTESIAN_POINT('',(9.0,-60.7857583695158,24.25));
#1652=VECTOR('',#1977,1.0);
#1653=CARTESIAN_POINT('',(9.0,-60.7857583695158,43.75));
#1654=CARTESIAN_POINT('',(9.0,-60.7857583695158,24.0));
#1655=VECTOR('',#1978,1.0);
#1656=CARTESIAN_POINT('',(-9.0,-60.7857583695158,43.75));
#1657=VECTOR('',#1979,1.0);
#1658=CARTESIAN_POINT('',(-9.0,-36.7857583695158,24.25));
#1659=CARTESIAN_POINT('',(-9.0,-36.7857583695158,43.75));
#1660=CARTESIAN_POINT('',(-9.0,-36.7857583695158,24.0));
#1661=VECTOR('',#1980,1.0);
#1662=AXIS2_PLACEMENT_3D('',#1981,#1982,#1983);
#1663=AXIS2_PLACEMENT_3D('',#1984,#1985,#1986);
#1664=CARTESIAN_POINT('',(1.10097360166113,-37.0183144727893,23.75));
#1665=CARTESIAN_POINT('',(-1.10097360166113,-37.0183144727893,23.75));
#1666=AXIS2_PLACEMENT_3D('',#1987,#1988,#1989);
#1667=CARTESIAN_POINT('',(-1.10097360166113,-37.0183144727893,23.75));
#1668=CARTESIAN_POINT('',(-0.924228237220668,-36.948585069244,23.75));
#1669=CARTESIAN_POINT('',(-0.74416844074349,-36.896827533798,23.7813727237682));
#1670=CARTESIAN_POINT('',(-0.379449717423472,-36.8272966677029,23.8506788286331));
#1671=CARTESIAN_POINT('',(-0.196482100549117,-36.8093787759868,23.893849095695));
#1672=CARTESIAN_POINT('',(0.0891441998432836,-36.8088013748662,23.8951967596351));
#1673=CARTESIAN_POINT('',(0.185072593331986,-36.8132319694997,23.8839739281401));
#1674=CARTESIAN_POINT('',(0.371925033570359,-36.8306532608457,23.8533984410432));
#1675=CARTESIAN_POINT('',(0.464210793735802,-36.8436453581143,23.8346123833436));
#1676=CARTESIAN_POINT('',(0.739923186670472,-36.8956560408402,23.7821023607206));
#1677=CARTESIAN_POINT('',(0.92299662785105,-36.9480991759533,23.75));
#1678=CARTESIAN_POINT('',(1.10097360166113,-37.0183144727893,23.75));
#1679=CARTESIAN_POINT('',(-3.0,-39.8089877120714,12.25));
#1680=AXIS2_PLACEMENT_3D('',#1990,#1991,#1992);
#1681=CARTESIAN_POINT('',(7.25,-48.7857583695158,63.0));
#1682=AXIS2_PLACEMENT_3D('',#1993,#1994,#1995);
#1683=CARTESIAN_POINT('',(7.75,-48.7857583695158,63.0));
#1684=AXIS2_PLACEMENT_3D('',#1996,#1997,#1998);
#1685=CARTESIAN_POINT('',(8.0,-48.7857583695158,62.75));
#1686=AXIS2_PLACEMENT_3D('',#1999,#2000,#2001);
#1687=CARTESIAN_POINT('',(8.0,-48.7857583695158,58.25));
#1688=AXIS2_PLACEMENT_3D('',#2002,#2003,#2004);
#1689=CARTESIAN_POINT('',(1.5,-48.7857583695158,68.0));
#1690=AXIS2_PLACEMENT_3D('',#2005,#2006,#2007);
#1691=CARTESIAN_POINT('',(2.75,-48.7857583695158,68.0));
#1692=AXIS2_PLACEMENT_3D('',#2008,#2009,#2010);
#1693=CARTESIAN_POINT('',(3.0,-48.7857583695158,67.75));
#1694=AXIS2_PLACEMENT_3D('',#2011,#2012,#2013);
#1695=CARTESIAN_POINT('',(3.0,-48.7857583695158,58.25));
#1696=AXIS2_PLACEMENT_3D('',#2014,#2015,#2016);
#1697=CARTESIAN_POINT('',(7.5,-53.5357583695158,58.0));
#1698=CARTESIAN_POINT('',(7.5,-44.0357583695158,58.0));
#1699=AXIS2_PLACEMENT_3D('',#2017,#2018,#2019);
#1700=CARTESIAN_POINT('',(-7.5,-44.0357583695158,58.0));
#1701=CARTESIAN_POINT('',(-7.5,-44.0357583695158,58.0));
#1702=VECTOR('',#2020,1.0);
#1703=CARTESIAN_POINT('',(-7.5,-53.5357583695158,58.0));
#1704=AXIS2_PLACEMENT_3D('',#2021,#2022,#2023);
#1705=CARTESIAN_POINT('',(7.5,-53.5357583695158,58.0));
#1706=VECTOR('',#2024,1.0);
#1707=CARTESIAN_POINT('',(-3.75,-48.7857583695158,58.0));
#1708=AXIS2_PLACEMENT_3D('',#2025,#2026,#2027);
#1709=CARTESIAN_POINT('',(3.25,-48.7857583695158,58.0));
#1710=AXIS2_PLACEMENT_3D('',#2028,#2029,#2030);
#1711=CARTESIAN_POINT('',(8.25,-48.7857583695158,58.0));
#1712=AXIS2_PLACEMENT_3D('',#2031,#2032,#2033);
#1713=CARTESIAN_POINT('',(7.5,-43.7857583695158,57.75));
#1714=CARTESIAN_POINT('',(7.5,-43.7857583695158,46.25));
#1715=CARTESIAN_POINT('',(7.5,-43.7857583695158,58.0));
#1716=VECTOR('',#2034,1.0);
#1717=CARTESIAN_POINT('',(-7.5,-43.7857583695158,46.25));
#1718=CARTESIAN_POINT('',(7.5,-43.7857583695158,46.25));
#1719=VECTOR('',#2035,1.0);
#1720=CARTESIAN_POINT('',(-7.5,-43.7857583695158,57.75));
#1721=CARTESIAN_POINT('',(-7.5,-43.7857583695158,58.0));
#1722=VECTOR('',#2036,1.0);
#1723=CARTESIAN_POINT('',(7.5,-43.7857583695158,57.75));
#1724=VECTOR('',#2037,1.0);
#1725=CARTESIAN_POINT('',(7.5,-53.7857583695158,57.75));
#1726=CARTESIAN_POINT('',(7.5,-53.7857583695158,46.25));
#1727=CARTESIAN_POINT('',(7.5,-53.7857583695158,58.0));
#1728=VECTOR('',#2038,1.0);
#1729=AXIS2_PLACEMENT_3D('',#2039,#2040,#2041);
#1730=AXIS2_PLACEMENT_3D('',#2042,#2043,#2044);
#1731=CARTESIAN_POINT('',(-7.5,-53.7857583695158,57.75));
#1732=CARTESIAN_POINT('',(-7.5,-53.7857583695158,46.25));
#1733=CARTESIAN_POINT('',(-7.5,-53.7857583695158,58.0));
#1734=VECTOR('',#2045,1.0);
#1735=CARTESIAN_POINT('',(-7.5,-53.7857583695158,46.25));
#1736=VECTOR('',#2046,1.0);
#1737=CARTESIAN_POINT('',(-7.5,-53.7857583695158,57.75));
#1738=VECTOR('',#2047,1.0);
#1739=AXIS2_PLACEMENT_3D('',#2048,#2049,#2050);
#1740=AXIS2_PLACEMENT_3D('',#2051,#2052,#2053);
#1741=CARTESIAN_POINT('',(-4.25,-48.7857583695158,62.6575934839203));
#1742=AXIS2_PLACEMENT_3D('',#2054,#2055,#2056);
#1743=CARTESIAN_POINT('',(-4.0,-48.7857583695158,62.4075934839203));
#1744=AXIS2_PLACEMENT_3D('',#2057,#2058,#2059);
#1745=CARTESIAN_POINT('',(-4.0,-48.7857583695158,58.25));
#1746=AXIS2_PLACEMENT_3D('',#2060,#2061,#2062);
#1747=AXIS2_PLACEMENT_3D('',#2063,#2064,#2065);
#1748=AXIS2_PLACEMENT_3D('',#2066,#2067,#2068);
#1749=AXIS2_PLACEMENT_3D('',#2069,#2070,#2071);
#1750=AXIS2_PLACEMENT_3D('',#2072,#2073,#2074);
#1751=CARTESIAN_POINT('',(-3.25,-48.7857583695158,24.0));
#1752=AXIS2_PLACEMENT_3D('',#2075,#2076,#2077);
#1753=CARTESIAN_POINT('',(-1.69460880842409,-37.0357583695158,24.0));
#1754=CARTESIAN_POINT('',(1.69460880842409,-37.0357583695158,24.0));
#1755=AXIS2_PLACEMENT_3D('',#2078,#2079,#2080);
#1756=CARTESIAN_POINT('',(8.91627725006351,-37.0357583695158,24.0));
#1757=CARTESIAN_POINT('',(9.0,-37.0357583695158,24.0));
#1758=VECTOR('',#2081,1.0);
#1759=CARTESIAN_POINT('',(8.91627725006352,-60.5357583695158,24.0));
#1760=AXIS2_PLACEMENT_3D('',#2082,#2083,#2084);
#1761=CARTESIAN_POINT('',(-8.91627725006352,-60.5357583695158,24.0));
#1762=CARTESIAN_POINT('',(-9.0,-60.5357583695158,24.0));
#1763=VECTOR('',#2085,1.0);
#1764=CARTESIAN_POINT('',(-8.9162772500635,-37.0357583695158,24.0));
#1765=AXIS2_PLACEMENT_3D('',#2086,#2087,#2088);
#1766=CARTESIAN_POINT('',(-1.19272140179956,-37.0357583695158,24.0));
#1767=VECTOR('',#2089,1.0);
#1768=CARTESIAN_POINT('',(1.14340652742787,-36.9107583695158,23.9608151872274));
#1769=AXIS2_PLACEMENT_3D('',#2090,#2091,#2092);
#1770=CARTESIAN_POINT('',(1.14340652742787,-36.9107583695158,23.9608151872274));
#1771=CARTESIAN_POINT('',(1.32785186151891,-36.9460808508535,23.9830175170191));
#1772=CARTESIAN_POINT('',(1.51136056696809,-36.9885788355493,24.0));
#1773=CARTESIAN_POINT('',(1.6946088084241,-37.0357583695157,24.0));
#1774=CARTESIAN_POINT('',(-1.14340652742787,-36.9107583695158,23.9608151872274));
#1775=CARTESIAN_POINT('',(-1.69460880842409,-37.0357583695158,24.0));
#1776=CARTESIAN_POINT('',(-1.51129242314008,-36.9885612910751,24.0));
#1777=CARTESIAN_POINT('',(-1.3278818481588,-36.9460865934901,23.9830211266158));
#1778=CARTESIAN_POINT('',(-1.14340652742784,-36.9107583695158,23.9608151872274));
#1779=AXIS2_PLACEMENT_3D('',#2093,#2094,#2095);
#1780=CARTESIAN_POINT('',(-1.69460880842409,-36.7857583695158,24.25));
#1781=AXIS2_PLACEMENT_3D('',#2096,#2097,#2098);
#1782=CARTESIAN_POINT('',(-9.0,-36.7857583695158,24.25));
#1783=CARTESIAN_POINT('',(-9.0,-36.7857583695158,24.182132914599));
#1784=CARTESIAN_POINT('',(-8.99037186117645,-36.8146678308554,24.1163678403721));
#1785=CARTESIAN_POINT('',(-8.9591968537831,-36.9079308204214,24.0255034564531));
#1786=CARTESIAN_POINT('',(-8.93760488318854,-36.9723660626698,24.0));
#1787=CARTESIAN_POINT('',(-8.9162772500635,-37.0357583695158,24.0));
#1788=CARTESIAN_POINT('',(-9.0,-36.7857583695158,24.25));
#1789=VECTOR('',#2099,1.0);
#1790=CARTESIAN_POINT('',(9.0,-60.7857583695158,24.25));
#1791=CARTESIAN_POINT('',(9.0,-60.7857583695158,24.182132914599));
#1792=CARTESIAN_POINT('',(8.99037186117647,-60.7568489081762,24.1163678403721));
#1793=CARTESIAN_POINT('',(8.95919685378311,-60.6635859186101,24.0255034564531));
#1794=CARTESIAN_POINT('',(8.93760488318854,-60.5991506763618,24.0));
#1795=CARTESIAN_POINT('',(8.91627725006352,-60.5357583695158,24.0));
#1796=CARTESIAN_POINT('',(-9.0,-60.7857583695158,24.25));
#1797=CARTESIAN_POINT('',(-9.0,-60.7857583695158,24.182132914599));
#1798=CARTESIAN_POINT('',(-8.99037186117645,-60.7568489081762,24.1163678403721));
#1799=CARTESIAN_POINT('',(-8.9591968537831,-60.6635859186101,24.0255034564531));
#1800=CARTESIAN_POINT('',(-8.93760488318854,-60.5991506763618,24.0));
#1801=CARTESIAN_POINT('',(-8.91627725006352,-60.5357583695158,24.0));
#1802=CARTESIAN_POINT('',(1.69460880842409,-36.7857583695158,24.25));
#1803=AXIS2_PLACEMENT_3D('',#2100,#2101,#2102);
#1804=CARTESIAN_POINT('',(9.0,-36.7857583695158,24.25));
#1805=CARTESIAN_POINT('',(1.19272140179956,-36.7857583695158,24.25));
#1806=VECTOR('',#2103,1.0);
#1807=CARTESIAN_POINT('',(9.0,-36.7857583695158,24.25));
#1808=CARTESIAN_POINT('',(9.0,-36.7857583695158,24.182132914599));
#1809=CARTESIAN_POINT('',(8.99037186117646,-36.8146678308554,24.1163678403721));
#1810=CARTESIAN_POINT('',(8.95919685378311,-36.9079308204214,24.0255034564531));
#1811=CARTESIAN_POINT('',(8.9376048831884,-36.9723660626697,24.0));
#1812=CARTESIAN_POINT('',(8.91627725006351,-37.0357583695158,24.0));
#1813=AXIS2_PLACEMENT_3D('',#2104,#2105,#2106);
#1814=CARTESIAN_POINT('',(0.49458715236959,-36.7857583695158,24.0));
#1815=CARTESIAN_POINT('',(0.49458715236959,-36.7857583695158,24.0));
#1816=CARTESIAN_POINT('',(0.606348879477109,-36.7857583695156,24.0000000000002));
#1817=CARTESIAN_POINT('',(0.718330514894737,-36.7928601834948,23.9921258743063));
#1818=CARTESIAN_POINT('',(0.935718546782175,-36.832821544978,23.9740816524801));
#1819=CARTESIAN_POINT('',(1.0415970918305,-36.8652843240508,23.9639626651938));
#1820=CARTESIAN_POINT('',(1.14340652742785,-36.9107583695158,23.9608151872274));
#1821=CARTESIAN_POINT('',(1.69460880842409,-36.7857583695158,24.25));
#1822=CARTESIAN_POINT('',(1.28052378058921,-36.7857583695158,24.25));
#1823=CARTESIAN_POINT('',(0.887876063055403,-36.7857583695158,24.1195997496051));
#1824=CARTESIAN_POINT('',(0.494587152369585,-36.7857583695158,24.0));
#1825=CARTESIAN_POINT('',(5.78553390593274,-48.7857583695158,39.7637607312126));
#1826=AXIS2_PLACEMENT_3D('',#2107,#2108,#2109);
#1827=CARTESIAN_POINT('',(7.25,-48.7857583695158,43.2992946371454));
#1828=AXIS2_PLACEMENT_3D('',#2110,#2111,#2112);
#1829=CARTESIAN_POINT('',(-1.75,-48.7857583695158,12.24999999912));
#1830=AXIS2_PLACEMENT_3D('',#2113,#2114,#2115);
#1831=CARTESIAN_POINT('',(1.75,-48.7857583695158,34.1929368866578));
#1832=AXIS2_PLACEMENT_3D('',#2116,#2117,#2118);
#1833=CARTESIAN_POINT('',(1.5,-48.7857583695158,44.0));
#1834=AXIS2_PLACEMENT_3D('',#2119,#2120,#2121);
#1835=CARTESIAN_POINT('',(7.5,-43.5357583695158,46.0));
#1836=CARTESIAN_POINT('',(7.5,-54.0357583695158,46.0));
#1837=AXIS2_PLACEMENT_3D('',#2122,#2123,#2124);
#1838=CARTESIAN_POINT('',(-7.5,-54.0357583695158,46.0));
#1839=CARTESIAN_POINT('',(0.0,-54.0357583695158,46.0));
#1840=VECTOR('',#2125,1.0);
#1841=CARTESIAN_POINT('',(-7.5,-43.5357583695158,46.0));
#1842=AXIS2_PLACEMENT_3D('',#2126,#2127,#2128);
#1843=CARTESIAN_POINT('',(0.0,-43.5357583695158,46.0));
#1844=VECTOR('',#2129,1.0);
#1845=CARTESIAN_POINT('',(19.75,-48.7857583695158,46.0));
#1846=AXIS2_PLACEMENT_3D('',#2130,#2131,#2132);
#1847=CARTESIAN_POINT('',(19.75,-48.7857583695158,44.0));
#1848=AXIS2_PLACEMENT_3D('',#2133,#2134,#2135);
#1849=CARTESIAN_POINT('',(9.08295106229248,-36.5357583695158,44.0));
#1850=CARTESIAN_POINT('',(-9.08295106229248,-36.5357583695158,44.0));
#1851=CARTESIAN_POINT('',(-9.0,-36.5357583695158,44.0));
#1852=VECTOR('',#2136,1.0);
#1853=CARTESIAN_POINT('',(-9.08295106229249,-61.0357583695158,44.0));
#1854=AXIS2_PLACEMENT_3D('',#2137,#2138,#2139);
#1855=CARTESIAN_POINT('',(9.08295106229249,-61.0357583695158,44.0));
#1856=CARTESIAN_POINT('',(9.0,-61.0357583695158,44.0));
#1857=VECTOR('',#2140,1.0);
#1858=AXIS2_PLACEMENT_3D('',#2141,#2142,#2143);
#1859=CARTESIAN_POINT('',(20.0,-48.7857583695158,45.75));
#1860=AXIS2_PLACEMENT_3D('',#2144,#2145,#2146);
#1861=CARTESIAN_POINT('',(20.0,-48.7857583695158,44.25));
#1862=AXIS2_PLACEMENT_3D('',#2147,#2148,#2149);
#1863=CARTESIAN_POINT('',(-1.5,-39.8089877120714,12.25));
#1864=AXIS2_PLACEMENT_3D('',#2150,#2151,#2152);
#1865=CARTESIAN_POINT('',(1.5,-39.8089877120714,32.1233542789473));
#1866=CARTESIAN_POINT('',(1.5,-39.612638171222,32.1233542789473));
#1867=CARTESIAN_POINT('',(1.5,-40.0053372529207,32.1233542789472));
#1868=CARTESIAN_POINT('',(1.46095901500247,-40.2016095386103,32.1233542789473));
#1869=CARTESIAN_POINT('',(1.31067958253139,-40.5644161826278,32.1233542789472));
#1870=CARTESIAN_POINT('',(1.19950026359727,-40.7308077920338,32.1233542789473));
#1871=CARTESIAN_POINT('',(0.92182007996237,-41.0084879756687,32.1233542789472));
#1872=CARTESIAN_POINT('',(0.755428470556346,-41.1196672946028,32.1233542789473));
#1873=CARTESIAN_POINT('',(0.392621826538917,-41.2699467270739,32.1233542789472));
#1874=CARTESIAN_POINT('',(0.19634954084936,-41.3089877120714,32.1233542789473));
#1875=CARTESIAN_POINT('',(-0.196349540849364,-41.3089877120714,32.1233542789473));
#1876=CARTESIAN_POINT('',(-0.392621826538922,-41.2699467270739,32.1233542789473));
#1877=CARTESIAN_POINT('',(-0.75542847055635,-41.1196672946028,32.1233542789473));
#1878=CARTESIAN_POINT('',(-0.921820079962373,-41.0084879756687,32.1233542789473));
#1879=CARTESIAN_POINT('',(-1.19950026359727,-40.7308077920338,32.1233542789473));
#1880=CARTESIAN_POINT('',(-1.31067958253139,-40.5644161826278,32.1233542789473));
#1881=CARTESIAN_POINT('',(-1.46095901500247,-40.2016095386103,32.1233542789473));
#1882=CARTESIAN_POINT('',(-1.5,-40.0053372529208,32.1233542789473));
#1883=CARTESIAN_POINT('',(-1.5,-39.612638171222,32.1233542789473));
#1884=CARTESIAN_POINT('',(-1.46095901500247,-39.4163658855325,32.1233542789473));
#1885=CARTESIAN_POINT('',(-1.31067958253139,-39.053559241515,32.1233542789473));
#1886=CARTESIAN_POINT('',(-1.19950026359727,-38.887167632109,32.1233542789473));
#1887=CARTESIAN_POINT('',(-0.921820079962371,-38.6094874484741,32.1233542789473));
#1888=CARTESIAN_POINT('',(-0.755428470556347,-38.49830812954,32.1233542789473));
#1889=CARTESIAN_POINT('',(-0.392621826538919,-38.3480286970689,32.1233542789473));
#1890=CARTESIAN_POINT('',(-0.196349540849361,-38.3089877120714,32.1233542789473));
#1891=CARTESIAN_POINT('',(0.196349540849363,-38.3089877120714,32.1233542789473));
#1892=CARTESIAN_POINT('',(0.392621826538921,-38.3480286970689,32.1233542789473));
#1893=CARTESIAN_POINT('',(0.755428470556349,-38.49830812954,32.1233542789473));
#1894=CARTESIAN_POINT('',(0.921820079962374,-38.6094874484741,32.1233542789473));
#1895=CARTESIAN_POINT('',(1.19950026359727,-38.887167632109,32.1233542789473));
#1896=CARTESIAN_POINT('',(1.31067958253139,-39.0535592415151,32.1233542789473));
#1897=CARTESIAN_POINT('',(1.46095901500247,-39.4163658855325,32.1233542789473));
#1898=CARTESIAN_POINT('',(1.5,-39.612638171222,32.1233542789473));
#1899=CARTESIAN_POINT('',(1.5,-40.0053372529207,32.1233542789472));
#1900=CARTESIAN_POINT('',(9.0,-60.7857583695158,43.75));
#1901=CARTESIAN_POINT('',(9.0,-60.7857583695158,43.8178297297005));
#1902=CARTESIAN_POINT('',(9.00963139196622,-60.8146280093846,43.8835589554396));
#1903=CARTESIAN_POINT('',(9.04061396065658,-60.9078351704705,43.9744377105032));
#1904=CARTESIAN_POINT('',(9.06198488824875,-60.9722846160903,44.0));
#1905=CARTESIAN_POINT('',(9.08295106229249,-61.0357583695158,44.0));
#1906=CARTESIAN_POINT('',(-9.0,-60.7857583695158,43.75));
#1907=CARTESIAN_POINT('',(-9.0,-60.7857583695158,43.8178297297005));
#1908=CARTESIAN_POINT('',(-9.0096313919662,-60.8146280093846,43.8835589554396));
#1909=CARTESIAN_POINT('',(-9.04061396065656,-60.9078351704705,43.9744377105032));
#1910=CARTESIAN_POINT('',(-9.0619848882486,-60.9722846160903,44.0));
#1911=CARTESIAN_POINT('',(-9.08295106229249,-61.0357583695158,44.0));
#1912=CARTESIAN_POINT('',(9.0,-36.7857583695158,43.75));
#1913=CARTESIAN_POINT('',(9.0,-36.7857583695158,43.75));
#1914=CARTESIAN_POINT('',(9.0,-36.7857583695158,43.8178297297005));
#1915=CARTESIAN_POINT('',(9.00963139196621,-36.756888729647,43.8835589554396));
#1916=CARTESIAN_POINT('',(9.04061396065656,-36.6636815685611,43.9744377105032));
#1917=CARTESIAN_POINT('',(9.06198488824855,-36.5992321229413,44.0));
#1918=CARTESIAN_POINT('',(9.08295106229248,-36.5357583695158,44.0));
#1919=CARTESIAN_POINT('',(9.0,-36.7857583695158,43.75));
#1920=VECTOR('',#2153,1.0);
#1921=CARTESIAN_POINT('',(-9.0,-36.7857583695158,43.75));
#1922=CARTESIAN_POINT('',(-9.0,-36.7857583695158,43.8178297297005));
#1923=CARTESIAN_POINT('',(-9.00963139196619,-36.756888729647,43.8835589554396));
#1924=CARTESIAN_POINT('',(-9.04061396065655,-36.6636815685611,43.9744377105032));
#1925=CARTESIAN_POINT('',(-9.06198488824855,-36.5992321229413,44.0));
#1926=CARTESIAN_POINT('',(-9.08295106229248,-36.5357583695158,44.0));
#1927=AXIS2_PLACEMENT_3D('',#2154,#2155,#2156);
#1928=AXIS2_PLACEMENT_3D('',#2157,#2158,#2159);
#1929=AXIS2_PLACEMENT_3D('',#2160,#2161,#2162);
#1930=AXIS2_PLACEMENT_3D('',#2163,#2164,#2165);
#1931=CARTESIAN_POINT('',(-1.75,-39.8089877120714,12.0));
#1932=AXIS2_PLACEMENT_3D('',#2166,#2167,#2168);
#1933=CARTESIAN_POINT('',(-2.75,-39.8089877120714,12.0));
#1934=AXIS2_PLACEMENT_3D('',#2169,#2170,#2171);
#1935=CARTESIAN_POINT('',(-3.0,-48.7857583695158,12.24999999912));
#1936=AXIS2_PLACEMENT_3D('',#2172,#2173,#2174);
#1937=CARTESIAN_POINT('',(-2.75,-48.7857583695158,11.99999999912));
#1938=AXIS2_PLACEMENT_3D('',#2175,#2176,#2177);
#1939=CARTESIAN_POINT('',(-2.0,-48.7857583695158,11.99999999912));
#1940=AXIS2_PLACEMENT_3D('',#2178,#2179,#2180);
#1941=CARTESIAN_POINT('',(-0.494587152369625,-36.7857583695158,24.0));
#1942=CARTESIAN_POINT('',(-0.494587152369625,-36.7857583695158,24.0));
#1943=CARTESIAN_POINT('',(-0.606236419416226,-36.7857583695156,24.0000000000002));
#1944=CARTESIAN_POINT('',(-0.717806429451256,-36.7927809722735,23.9921678343204));
#1945=CARTESIAN_POINT('',(-0.935805217521193,-36.8328203827082,23.974075996913));
#1946=CARTESIAN_POINT('',(-1.04180656984518,-36.8653778891767,23.9639561891009));
#1947=CARTESIAN_POINT('',(-1.14340652742673,-36.9107583695156,23.9608151872272));
#1948=CARTESIAN_POINT('',(-0.494587152369625,-36.7857583695158,24.0));
#1949=CARTESIAN_POINT('',(-0.887838237395722,-36.7857583695158,24.1195882467651));
#1950=CARTESIAN_POINT('',(-1.28051238174742,-36.7857583695158,24.25));
#1951=CARTESIAN_POINT('',(-1.69460880842409,-36.7857583695158,24.25));
#1952=CARTESIAN_POINT('',(-3.0,-48.7857583695158,23.75));
#1953=AXIS2_PLACEMENT_3D('',#2181,#2182,#2183);
#1954=CARTESIAN_POINT('',(9.0,-36.7857583695158,24.0));
#1955=VECTOR('',#2184,1.0);
#1956=CARTESIAN_POINT('',(-9.0,-36.7857583695158,24.0));
#1957=VECTOR('',#2185,1.0);
#1958=AXIS2_PLACEMENT_3D('',#2186,#2187,#2188);
#1959=CARTESIAN_POINT('',(-4.77048955893622E-015,-48.8212922754485,40.4644660940672));
#1960=AXIS2_PLACEMENT_3D('',#2189,#2190,#2191);
#1961=CARTESIAN_POINT('',(4.33680868994202E-016,-39.7734538061386,35.6592683118767));
#1962=AXIS2_PLACEMENT_3D('',#2192,#2193,#2194);
#1963=AXIS2_PLACEMENT_3D('',#2195,#2196,#2197);
#1964=CARTESIAN_POINT('',(-3.46944695195362E-015,-48.7857583695158,34.1929368866578));
#1965=DIRECTION('',(-4.9960036108132E-016,-4.32978028117746E-017,1.0));
#1966=DIRECTION('',(-1.0,4.32978028117747E-017,-4.9960036108132E-016));
#1967=CARTESIAN_POINT('',(-4.90165042944956,-48.7857583695158,40.6476442076958));
#1968=DIRECTION('',(-0.707106781186549,6.12323399573677E-017,0.707106781186546));
#1969=DIRECTION('',(-0.707106781186546,-4.07889322034067E-032,-0.707106781186549));
#1970=CARTESIAN_POINT('',(-6.0,-48.7857583695158,43.2992946371454));
#1971=DIRECTION('',(0.0,0.0,1.0));
#1972=DIRECTION('',(-1.0,0.0,0.0));
#1973=CARTESIAN_POINT('',(-6.0,-48.7857583695158,62.6575934839203));
#1974=DIRECTION('',(0.0,0.0,1.0));
#1975=DIRECTION('',(1.0,0.0,0.0));
#1976=DIRECTION('',(0.0,0.0,1.0));
#1977=DIRECTION('',(-1.0,0.0,0.0));
#1978=DIRECTION('',(0.0,0.0,1.0));
#1979=DIRECTION('',(-1.0,0.0,0.0));
#1980=DIRECTION('',(0.0,0.0,1.0));
#1981=CARTESIAN_POINT('',(1.38777878078145E-014,-48.7857583695158,24.25));
#1982=DIRECTION('',(0.0,0.0,-1.0));
#1983=DIRECTION('',(-1.0,0.0,0.0));
#1984=CARTESIAN_POINT('',(1.38777878078145E-014,-48.7857583695158,43.75));
#1985=DIRECTION('',(0.0,0.0,1.0));
#1986=DIRECTION('',(1.0,0.0,0.0));
#1987=CARTESIAN_POINT('',(0.0,-39.8089877120714,23.75));
#1988=DIRECTION('',(0.0,0.0,-1.0));
#1989=DIRECTION('',(-1.0,0.0,0.0));
#1990=CARTESIAN_POINT('',(0.0,-39.8089877120714,12.25));
#1991=DIRECTION('',(0.0,0.0,-1.0));
#1992=DIRECTION('',(-1.0,0.0,0.0));
#1993=CARTESIAN_POINT('',(6.0,-48.7857583695158,63.0));
#1994=DIRECTION('',(0.0,0.0,-1.0));
#1995=DIRECTION('',(1.0,0.0,0.0));
#1996=CARTESIAN_POINT('',(6.0,-48.7857583695158,63.0));
#1997=DIRECTION('',(0.0,0.0,1.0));
#1998=DIRECTION('',(1.0,0.0,0.0));
#1999=CARTESIAN_POINT('',(6.0,-48.7857583695158,62.75));
#2000=DIRECTION('',(0.0,0.0,1.0));
#2001=DIRECTION('',(1.0,0.0,0.0));
#2002=CARTESIAN_POINT('',(6.0,-48.7857583695158,58.25));
#2003=DIRECTION('',(0.0,0.0,1.0));
#2004=DIRECTION('',(1.0,0.0,0.0));
#2005=CARTESIAN_POINT('',(-2.16840434497101E-015,-48.7857583695158,68.0));
#2006=DIRECTION('',(0.0,0.0,-1.0));
#2007=DIRECTION('',(1.0,0.0,0.0));
#2008=CARTESIAN_POINT('',(-2.16840434497101E-015,-48.7857583695158,68.0));
#2009=DIRECTION('',(0.0,0.0,1.0));
#2010=DIRECTION('',(1.0,0.0,0.0));
#2011=CARTESIAN_POINT('',(-2.16840434497101E-015,-48.7857583695158,67.75));
#2012=DIRECTION('',(0.0,0.0,1.0));
#2013=DIRECTION('',(1.0,0.0,0.0));
#2014=CARTESIAN_POINT('',(-2.16840434497101E-015,-48.7857583695158,58.25));
#2015=DIRECTION('',(0.0,0.0,1.0));
#2016=DIRECTION('',(1.0,0.0,0.0));
#2017=CARTESIAN_POINT('',(7.5,-48.7857583695158,58.0));
#2018=DIRECTION('',(0.0,0.0,1.0));
#2019=DIRECTION('',(1.0,0.0,0.0));
#2020=DIRECTION('',(-1.0,0.0,0.0));
#2021=CARTESIAN_POINT('',(-7.5,-48.7857583695158,58.0));
#2022=DIRECTION('',(0.0,0.0,1.0));
#2023=DIRECTION('',(1.0,0.0,0.0));
#2024=DIRECTION('',(1.0,0.0,0.0));
#2025=CARTESIAN_POINT('',(-6.0,-48.7857583695158,58.0));
#2026=DIRECTION('',(0.0,0.0,1.0));
#2027=DIRECTION('',(1.0,0.0,0.0));
#2028=CARTESIAN_POINT('',(-2.16840434497101E-015,-48.7857583695158,58.0));
#2029=DIRECTION('',(0.0,0.0,1.0));
#2030=DIRECTION('',(1.0,0.0,0.0));
#2031=CARTESIAN_POINT('',(6.0,-48.7857583695158,58.0));
#2032=DIRECTION('',(0.0,0.0,1.0));
#2033=DIRECTION('',(1.0,0.0,0.0));
#2034=DIRECTION('',(0.0,0.0,-1.0));
#2035=DIRECTION('',(-1.0,0.0,0.0));
#2036=DIRECTION('',(0.0,0.0,-1.0));
#2037=DIRECTION('',(-1.0,0.0,0.0));
#2038=DIRECTION('',(0.0,0.0,-1.0));
#2039=CARTESIAN_POINT('',(7.5,-48.7857583695158,46.25));
#2040=DIRECTION('',(0.0,0.0,1.0));
#2041=DIRECTION('',(1.0,0.0,0.0));
#2042=CARTESIAN_POINT('',(7.5,-48.7857583695158,57.75));
#2043=DIRECTION('',(0.0,0.0,1.0));
#2044=DIRECTION('',(1.0,0.0,0.0));
#2045=DIRECTION('',(0.0,0.0,-1.0));
#2046=DIRECTION('',(1.0,0.0,0.0));
#2047=DIRECTION('',(1.0,0.0,0.0));
#2048=CARTESIAN_POINT('',(-7.5,-48.7857583695158,46.25));
#2049=DIRECTION('',(0.0,0.0,1.0));
#2050=DIRECTION('',(1.0,0.0,0.0));
#2051=CARTESIAN_POINT('',(-7.5,-48.7857583695158,57.75));
#2052=DIRECTION('',(0.0,0.0,1.0));
#2053=DIRECTION('',(1.0,0.0,0.0));
#2054=CARTESIAN_POINT('',(-6.0,-48.7857583695158,62.6575934839203));
#2055=DIRECTION('',(0.0,0.0,1.0));
#2056=DIRECTION('',(1.0,0.0,0.0));
#2057=CARTESIAN_POINT('',(-6.0,-48.7857583695158,62.4075934839203));
#2058=DIRECTION('',(0.0,0.0,1.0));
#2059=DIRECTION('',(1.0,0.0,0.0));
#2060=CARTESIAN_POINT('',(-6.0,-48.7857583695158,58.25));
#2061=DIRECTION('',(0.0,0.0,1.0));
#2062=DIRECTION('',(1.0,0.0,0.0));
#2063=CARTESIAN_POINT('',(7.5,-44.0357583695158,57.75));
#2064=DIRECTION('',(-1.0,0.0,0.0));
#2065=DIRECTION('',(0.0,0.0,1.0));
#2066=CARTESIAN_POINT('',(-7.5,-44.0357583695158,57.75));
#2067=DIRECTION('',(1.0,0.0,0.0));
#2068=DIRECTION('',(0.0,0.0,-1.0));
#2069=CARTESIAN_POINT('',(-7.5,-53.5357583695158,57.75));
#2070=DIRECTION('',(-1.0,0.0,0.0));
#2071=DIRECTION('',(0.0,0.0,1.0));
#2072=CARTESIAN_POINT('',(7.5,-53.5357583695158,57.75));
#2073=DIRECTION('',(1.0,0.0,0.0));
#2074=DIRECTION('',(0.0,0.0,-1.0));
#2075=CARTESIAN_POINT('',(0.0,-48.7857583695158,24.0));
#2076=DIRECTION('',(0.0,0.0,-1.0));
#2077=DIRECTION('',(-1.0,0.0,0.0));
#2078=CARTESIAN_POINT('',(0.0,-39.8089877120714,24.0));
#2079=DIRECTION('',(0.0,0.0,-1.0));
#2080=DIRECTION('',(-1.0,0.0,0.0));
#2081=DIRECTION('',(1.0,0.0,0.0));
#2082=CARTESIAN_POINT('',(-1.7347234759768E-015,-48.7857583695158,24.0));
#2083=DIRECTION('',(0.0,0.0,-1.0));
#2084=DIRECTION('',(-1.0,0.0,0.0));
#2085=DIRECTION('',(-1.0,0.0,0.0));
#2086=CARTESIAN_POINT('',(1.38777878078145E-014,-48.7857583695158,24.0));
#2087=DIRECTION('',(0.0,0.0,-1.0));
#2088=DIRECTION('',(-1.0,0.0,0.0));
#2089=DIRECTION('',(1.0,0.0,0.0));
#2090=CARTESIAN_POINT('',(1.19272140179956,-36.7857583695158,23.75));
#2091=DIRECTION('',(0.930224413094037,-0.366991200553711,0.0));
#2092=DIRECTION('',(0.366991200553711,0.930224413094037,0.0));
#2093=CARTESIAN_POINT('',(-1.19272140179956,-36.7857583695158,23.75));
#2094=DIRECTION('',(-0.930224413094037,-0.36699120055371,-8.06841063660486E-016));
#2095=DIRECTION('',(0.36699120055371,-0.930224413094037,3.13520734131123E-031));
#2096=CARTESIAN_POINT('',(-1.69460880842409,-37.0357583695158,24.25));
#2097=DIRECTION('',(-1.0,0.0,8.67361737988403E-016));
#2098=DIRECTION('',(8.67361737988403E-016,0.0,1.0));
#2099=DIRECTION('',(1.0,0.0,0.0));
#2100=CARTESIAN_POINT('',(1.69460880842409,-37.0357583695158,24.25));
#2101=DIRECTION('',(1.0,-8.67361737988403E-016,8.67361737988403E-016));
#2102=DIRECTION('',(8.67361737988403E-016,0.0,-1.0));
#2103=DIRECTION('',(1.0,0.0,0.0));
#2104=CARTESIAN_POINT('',(-1.7347234759768E-015,-48.7857583695158,24.25));
#2105=DIRECTION('',(0.0,0.0,-1.0));
#2106=DIRECTION('',(-1.0,0.0,0.0));
#2107=CARTESIAN_POINT('',(4.90165042944956,-48.7857583695158,40.6476442076958));
#2108=DIRECTION('',(-0.707106781186549,0.0,-0.707106781186547));
#2109=DIRECTION('',(0.707106781186546,0.0,-0.707106781186548));
#2110=CARTESIAN_POINT('',(6.0,-48.7857583695158,43.2992946371454));
#2111=DIRECTION('',(0.0,0.0,-1.0));
#2112=DIRECTION('',(1.0,0.0,0.0));
#2113=CARTESIAN_POINT('',(0.0,-48.7857583695158,12.24999999912));
#2114=DIRECTION('',(0.0,0.0,-1.0));
#2115=DIRECTION('',(-1.0,0.0,0.0));
#2116=CARTESIAN_POINT('',(0.0,-48.7857583695158,34.1929368866578));
#2117=DIRECTION('',(0.0,0.0,1.0));
#2118=DIRECTION('',(1.0,0.0,0.0));
#2119=CARTESIAN_POINT('',(-2.16840434497101E-015,-48.7857583695158,44.0));
#2120=DIRECTION('',(0.0,0.0,-1.0));
#2121=DIRECTION('',(1.0,0.0,0.0));
#2122=CARTESIAN_POINT('',(7.5,-48.7857583695158,46.0));
#2123=DIRECTION('',(0.0,0.0,1.0));
#2124=DIRECTION('',(1.0,0.0,0.0));
#2125=DIRECTION('',(1.0,0.0,0.0));
#2126=CARTESIAN_POINT('',(-7.5,-48.7857583695158,46.0));
#2127=DIRECTION('',(0.0,0.0,1.0));
#2128=DIRECTION('',(1.0,0.0,0.0));
#2129=DIRECTION('',(-1.0,0.0,0.0));
#2130=CARTESIAN_POINT('',(0.0,-48.7857583695158,46.0));
#2131=DIRECTION('',(0.0,0.0,1.0));
#2132=DIRECTION('',(1.0,0.0,0.0));
#2133=CARTESIAN_POINT('',(0.0,-48.7857583695158,44.0));
#2134=DIRECTION('',(0.0,0.0,1.0));
#2135=DIRECTION('',(1.0,0.0,0.0));
#2136=DIRECTION('',(1.0,0.0,0.0));
#2137=CARTESIAN_POINT('',(1.38777878078145E-014,-48.7857583695158,44.0));
#2138=DIRECTION('',(0.0,0.0,1.0));
#2139=DIRECTION('',(1.0,0.0,0.0));
#2140=DIRECTION('',(-1.0,0.0,0.0));
#2141=CARTESIAN_POINT('',(-1.7347234759768E-015,-48.7857583695158,44.0));
#2142=DIRECTION('',(0.0,0.0,1.0));
#2143=DIRECTION('',(1.0,0.0,0.0));
#2144=CARTESIAN_POINT('',(0.0,-48.7857583695158,45.75));
#2145=DIRECTION('',(0.0,0.0,1.0));
#2146=DIRECTION('',(1.0,0.0,0.0));
#2147=CARTESIAN_POINT('',(0.0,-48.7857583695158,44.25));
#2148=DIRECTION('',(0.0,0.0,1.0));
#2149=DIRECTION('',(1.0,0.0,0.0));
#2150=CARTESIAN_POINT('',(2.16840434497101E-016,-39.8089877120714,12.25));
#2151=DIRECTION('',(0.0,0.0,-1.0));
#2152=DIRECTION('',(-1.0,0.0,0.0));
#2153=DIRECTION('',(1.0,0.0,0.0));
#2154=CARTESIAN_POINT('',(7.5,-43.5357583695158,46.25));
#2155=DIRECTION('',(-1.0,0.0,0.0));
#2156=DIRECTION('',(0.0,0.0,1.0));
#2157=CARTESIAN_POINT('',(-7.5,-43.5357583695158,46.25));
#2158=DIRECTION('',(1.0,0.0,0.0));
#2159=DIRECTION('',(0.0,0.0,-1.0));
#2160=CARTESIAN_POINT('',(-7.5,-54.0357583695158,46.25));
#2161=DIRECTION('',(-1.0,0.0,0.0));
#2162=DIRECTION('',(0.0,0.0,1.0));
#2163=CARTESIAN_POINT('',(7.5,-54.0357583695158,46.25));
#2164=DIRECTION('',(1.0,0.0,0.0));
#2165=DIRECTION('',(0.0,0.0,-1.0));
#2166=CARTESIAN_POINT('',(2.16840434497101E-016,-39.8089877120714,12.0));
#2167=DIRECTION('',(0.0,0.0,-1.0));
#2168=DIRECTION('',(-1.0,0.0,0.0));
#2169=CARTESIAN_POINT('',(0.0,-39.8089877120714,12.0));
#2170=DIRECTION('',(0.0,0.0,-1.0));
#2171=DIRECTION('',(-1.0,0.0,0.0));
#2172=CARTESIAN_POINT('',(0.0,-48.7857583695158,12.24999999912));
#2173=DIRECTION('',(0.0,0.0,-1.0));
#2174=DIRECTION('',(-1.0,0.0,0.0));
#2175=CARTESIAN_POINT('',(0.0,-48.7857583695158,11.99999999912));
#2176=DIRECTION('',(0.0,0.0,-1.0));
#2177=DIRECTION('',(-1.0,0.0,0.0));
#2178=CARTESIAN_POINT('',(0.0,-48.7857583695158,11.99999999912));
#2179=DIRECTION('',(0.0,0.0,-1.0));
#2180=DIRECTION('',(-1.0,0.0,0.0));
#2181=CARTESIAN_POINT('',(0.0,-48.7857583695158,23.75));
#2182=DIRECTION('',(0.0,0.0,-1.0));
#2183=DIRECTION('',(-1.0,0.0,0.0));
#2184=DIRECTION('',(0.0,0.0,1.0));
#2185=DIRECTION('',(1.0,0.0,0.0));
#2186=CARTESIAN_POINT('',(-1.7347234759768E-015,-48.7857583695158,43.75));
#2187=DIRECTION('',(0.0,0.0,1.0));
#2188=DIRECTION('',(1.0,0.0,0.0));
#2189=CARTESIAN_POINT('',(-4.77048955893622E-015,-47.7606321036687,41.525126265847));
#2190=DIRECTION('',(0.0,0.707106781186549,-0.707106781186546));
#2191=DIRECTION('',(0.0,-0.707106781186546,-0.707106781186549));
#2192=CARTESIAN_POINT('',(4.33680868994202E-016,-40.8341139779185,34.5986081400969));
#2193=DIRECTION('',(-6.12323399573677E-017,-0.707106781186547,0.707106781186548));
#2194=DIRECTION('',(0.0,0.707106781186548,0.707106781186547));
#2195=CARTESIAN_POINT('',(0.0,-48.7857583695157,34.1929368866578));
#2196=DIRECTION('',(-1.27675647831893E-015,4.32978028117747E-017,-1.0));
#2197=DIRECTION('',(1.0,4.32978028117747E-017,-1.27675647831893E-015));
ENDSEC;
END-ISO-10303-21;
